Date,SOROS FUND MANAGEMENT LLC,PAULSON & CO.INC.,TIGER GLOBAL MANAGEMENT LLC,BERKSHIRE HATHAWAY INC,S&P 500
10/1/14,31.95024006,14.99182631,59.97783039,51.94871249,194.35
10/2/14,31.93610976,14.99407161,59.97862619,51.95761875,194.38
10/3/14,31.96970694,14.99959647,60.00226392,52.02248371,196.52
10/6/14,32.04821518,14.9994708,60.0062441,52.03638729,196.29
10/7/14,31.96421642,14.99471977,59.99373505,52.00586448,193.26
10/8/14,31.97669396,15.00025954,60.00824916,52.04966209,196.64
10/9/14,31.86398521,14.98873029,59.98625285,52.00202841,192.74
10/10/14,31.88830328,14.98511317,59.96751602,51.94757417,190.54
10/13/14,31.78440961,14.98005635,59.94523082,51.88873577,187.41
10/14/14,31.8903595,14.98038838,59.93449472,51.86015333,187.7
10/15/14,31.91112176,14.97303879,59.93436874,51.85144164,186.43
10/16/14,31.8920965,14.98217315,59.92177862,51.81285509,186.27
10/17/14,31.8813262,14.98605358,59.94098439,51.87580127,188.47
10/20/14,31.95516026,14.98993525,59.9700842,51.95186205,190.3
10/21/14,32.13905998,14.99657841,60.0018306,52.02685217,194.07
10/22/14,32.04942808,14.99019546,59.99170061,52.00234905,192.69
10/23/14,32.1242987,14.99299298,60.02437263,52.08404487,194.93
10/24/14,32.1376536,14.99370524,60.03403571,52.11268995,196.43
10/27/14,32.08477739,14.99022525,60.02288639,52.09004807,196.16
10/28/14,32.12395977,14.9847899,60.03457445,52.10693041,198.41
10/29/14,32.12369388,14.98288559,60.01661145,52.04841524,198.11
10/30/14,32.13925407,14.97738265,60.01946418,52.05980979,199.38
10/31/14,32.22677964,14.98065049,60.04354492,52.12451949,201.66
11/3/14,32.31595529,14.97687725,60.05985151,52.17651973,201.77
11/4/14,32.07606743,14.97485288,60.03526011,52.12603289,201.07
11/5/14,31.99541761,14.96895384,60.04174496,52.13894929,202.34
11/6/14,31.99481484,14.97356537,60.03247502,52.12740298,203.15
11/7/14,31.93436756,14.97136361,60.02229686,52.09181162,203.34
11/10/14,31.89091843,14.96990963,59.96306536,51.93446938,203.98
11/11/14,31.8797355,14.97260325,59.96780226,51.93609441,204.175
11/12/14,31.8797355,14.97260325,59.96780226,51.93609441,203.96
11/13/14,31.8797355,14.97260325,59.96780226,51.93609441,204.19
11/14/14,31.89527292,14.96446401,59.96337172,51.92650581,204.24
11/17/14,31.88570488,14.97677682,59.99533681,51.97505552,204.37
11/18/14,31.84872194,14.98002924,59.99128748,51.97223696,205.55
11/19/14,31.82616094,14.97707716,60.02265298,52.02523069,205.22
11/20/14,31.85200813,14.98184134,60.0259973,52.02588172,205.58
11/21/14,31.87007357,14.98544702,60.04358261,52.05004784,206.68
11/24/14,31.90994341,14.99300914,60.08112414,52.10871178,207.26
11/25/14,31.90942943,14.99327382,60.114516,52.16238884,207.11
11/26/14,31.90777413,14.99193075,60.11382417,52.1632222,207.64
11/28/14,31.89003589,14.99175566,60.12044101,52.18614704,207.2
12/1/14,31.79903794,14.98152802,60.1051673,52.1694334,205.76
12/2/14,31.85013416,14.98698027,60.10531849,52.17638308,207.085
12/3/14,31.85902626,14.99490877,60.09270345,52.1594528,207.89
12/4/14,31.84185267,15.00149013,60.07996718,52.14094785,207.66
12/5/14,31.82360661,15.00616178,60.08826181,52.15692647,208
12/8/14,31.77534117,15.00448368,60.0714216,52.14305984,206.61
12/9/14,31.81287938,15.0052996,60.07126708,52.13415681,206.47
12/10/14,31.74734901,14.99619051,60.0581207,52.11143917,203.16
12/11/14,31.76229412,15.00136516,60.05838962,52.10917835,204.19
12/12/14,31.74123648,14.99900994,60.04588945,52.09122118,200.89
12/15/14,31.71648914,15.00079802,60.02820775,52.06284691,199.51
12/16/14,31.72940555,14.99782361,60.02962777,52.0562969,197.91
12/17/14,31.78435151,15.00193316,60.0471583,52.08053325,201.79
12/18/14,31.79876711,15.00891669,60.04666507,52.08190218,206.78
12/19/14,31.81763076,15.01143036,60.07709662,52.11531469,206.52
12/22/14,31.78972812,15.01139156,60.08270036,52.12050169,207.47
12/23/14,31.75824126,15.00803122,60.11047961,52.1601589,207.75
12/24/14,31.76426821,15.00807376,60.1056084,52.15608443,207.77
12/26/14,31.76896981,15.00779504,60.11174958,52.16616333,208.44
12/29/14,31.77169281,15.00687188,60.1199772,52.18040654,208.72
12/30/14,31.75970272,15.00537695,60.1135448,52.17589062,207.6
12/31/14,31.72977897,14.99982912,60.09047872,52.14420382,205.54
1/2/15,31.72754348,15.00179945,60.09005697,52.14150005,205.43
1/5/15,31.64570617,14.99014127,60.03013817,52.05743434,201.72
1/6/15,31.64194015,14.99234539,59.98999176,51.99581946,199.82
1/7/15,31.63838599,14.99639215,59.99271978,52.00330075,202.31
1/8/15,31.70369952,15.00765301,60.05016456,52.09521172,205.9
1/9/15,31.6673961,15.00428512,60.04172718,52.08089344,204.25
1/12/15,31.63386705,14.99290093,60.05421076,52.10715438,202.65
1/13/15,31.60850083,14.99166934,60.05848693,52.11433367,202.08
1/14/15,31.58409434,14.98334339,60.00247698,52.02518155,200.86
1/15/15,31.52903144,14.97783486,60.02478399,52.05934775,199.02
1/16/15,31.54366268,14.97756579,60.03579552,52.06822292,201.63
1/20/15,31.57173748,14.97294982,59.98575663,51.99527536,202.055
1/21/15,31.62669973,14.98294806,59.98275381,51.98980078,203.08
1/22/15,31.65083827,14.9886125,60.01209102,52.03920557,206.1
1/23/15,31.62583639,14.98016082,60.01077938,52.03797537,204.97
1/26/15,31.64769565,15.00007007,60.00324018,52.02712397,205.45
1/27/15,31.63361138,14.99651368,59.99002699,52.00129802,202.74
1/28/15,31.55962724,14.98759582,59.93565352,51.91405979,200.14
1/29/15,31.44146741,14.98014874,59.95623752,51.93731235,201.99
1/30/15,31.41767744,14.97346233,59.94887636,51.92200017,199.45
2/2/15,31.45926796,14.97224193,59.98632911,51.96625643,201.92
2/3/15,31.48974305,14.97163833,60.02311268,52.02636748,204.84
2/4/15,31.47656569,14.96688912,60.06713662,52.10380692,204.06
2/5/15,31.43989756,14.96250009,60.16725881,52.26353444,206.12
2/6/15,31.41700927,14.95696217,60.15697977,52.25200074,205.55
2/9/15,31.44866122,14.95425296,60.14824037,52.23422701,204.63
2/10/15,31.46487763,14.96370289,60.17914643,52.2855583,206.81
2/11/15,31.46487763,14.96370289,60.17914643,52.2855583,206.93
2/12/15,31.46487763,14.96370289,60.17914643,52.2855583,208.92
2/13/15,31.46487763,14.96370289,60.17914643,52.2855583,209.78
2/17/15,31.45289561,14.96279663,60.16439036,52.16373824,210.11
2/18/15,31.4311313,14.96103577,60.13624981,52.13267303,210.13
2/19/15,31.44477177,14.96422854,60.13808157,52.139454,209.98
2/20/15,31.47232829,14.96458613,60.14821535,52.15849309,211.24
2/23/15,31.42225321,14.96709515,60.14323665,52.09545123,211.21
2/24/15,31.39003166,14.9632794,60.16485605,52.08542349,211.81
2/25/15,31.43484079,14.96928847,60.21220105,52.22468801,211.63
2/26/15,31.42969467,14.97348861,60.20807113,52.18004855,211.38
2/27/15,31.3680999,14.96960322,60.19070558,52.15066985,210.66
3/2/15,31.33899838,14.96919594,60.2523094,52.17673046,211.99
3/3/15,31.30290733,14.95826297,60.26368467,52.06541773,211.12
3/4/15,31.39056606,14.98657431,60.25585607,52.24816193,210.23
3/5/15,31.42095955,14.97901919,60.24037896,52.26088852,210.46
3/6/15,31.39477272,14.97488471,60.23416896,52.16147963,207.5
3/9/15,31.37624465,14.965583,60.24214463,52.08103387,208.36
3/10/15,31.37423643,14.95991847,60.21544164,52.06800062,204.98
3/11/15,31.34855063,14.96482537,60.22795928,52.03741058,204.5
3/12/15,31.36980734,14.96769725,60.34332583,52.16818912,207.1
3/13/15,31.38998684,14.96473545,60.31085789,52.14430926,205.825
3/16/15,31.42972016,14.97581967,60.31194436,52.26143817,208.58
3/17/15,31.44658806,14.97703326,60.27891329,52.25570519,207.96
3/18/15,31.52165084,14.9856699,60.28571362,52.26904673,210.46
3/19/15,31.5347791,14.98995373,60.27166565,52.31205867,209.5
3/20/15,31.58762738,14.99143558,60.28152385,52.29428397,210.41
3/23/15,31.59457175,14.99632439,60.2798239,52.25064441,210
3/24/15,31.5275629,14.99008158,60.26748892,52.20488773,208.82
3/25/15,31.51995351,14.98668248,60.21971226,52.15111064,205.76
3/26/15,31.52722856,14.98959402,60.20571881,52.15767144,205.27
3/27/15,31.56577346,14.99038394,60.1879189,52.15902582,205.74
3/30/15,31.55453577,14.98929941,60.23033315,52.17299964,208.25
3/31/15,31.53293622,14.98373734,60.33276829,52.25087293,206.43
4/1/15,31.51184721,14.98007336,60.30776263,52.17315896,205.7
4/2/15,31.52140367,14.98077201,60.29783838,52.15521226,206.435
4/6/15,31.51730595,14.98367524,60.3351246,52.1779971,207.83
4/7/15,31.5468335,14.98357541,60.30643174,52.15987923,207.28
4/8/15,31.61596606,14.99541413,60.31672041,52.33278156,207.975
4/9/15,31.65758793,15.00176606,60.31414998,52.36173798,208.9
4/10/15,31.62236206,14.99999839,60.32077325,52.29600664,210.04
4/13/15,31.59950865,14.9958215,60.29117664,52.25265204,209.09
4/14/15,31.61695621,14.9971371,60.31215233,52.30512686,209.49
4/15/15,31.64192602,15.00452196,60.30479486,52.28876894,210.43
4/16/15,31.6260988,14.99719297,60.31260981,52.26562663,210.37
4/17/15,31.56624151,14.99331346,60.27696159,52.11670474,207.95
4/20/15,31.58329817,14.99620701,60.24875232,52.09971661,209.85
4/21/15,31.61328679,14.99301122,60.27606118,52.15126123,209.6
4/22/15,31.59652496,14.99152507,60.25353405,52.10765483,210.63
4/23/15,31.58237085,14.99167117,60.24226518,52.1065895,211.16
4/24/15,31.57743774,14.99820901,60.26377122,52.24551871,211.65
4/27/15,31.58404434,14.99316481,60.23350672,52.23637817,210.77
4/28/15,31.58703879,14.99170543,60.22735735,52.22469702,211.44
4/29/15,31.52181608,14.98634385,60.29765771,52.13908851,210.57
4/30/15,31.47427634,14.97478626,60.28525359,52.06890173,208.46
5/1/15,31.48363481,14.97669237,60.29238366,52.05882818,210.72
5/4/15,31.48725984,14.97950777,60.29155754,52.02188468,211.32
5/5/15,31.42268414,14.96904129,60.27565576,51.94692834,208.9
5/6/15,31.52248747,14.97412038,60.25463926,51.9498047,208.04
5/7/15,31.68369601,14.99752972,60.24116981,52.25096783,208.87
5/8/15,31.71139745,15.00119684,60.22249512,52.28066066,211.62
5/11/15,31.68632196,15.00359651,60.20239555,52.23975066,210.605
5/12/15,31.66957762,14.99893564,60.18917164,52.22279314,209.98
5/13/15,31.66957762,14.99893564,60.18917164,52.22279314,210.02
5/14/15,31.66957762,14.99893564,60.18917164,52.22279314,212.21
5/15/15,31.68514572,15.00212374,60.23682196,52.26037525,212.44
5/18/15,31.63165794,15.00688127,60.23648089,52.20700024,213.1
5/19/15,31.70815522,15.01302795,60.23854459,52.25474883,213.03
5/20/15,31.78122047,15.01151897,60.18825478,52.3147573,212.88
5/21/15,31.82590293,15.00932503,60.20735581,52.44834576,213.5
5/22/15,31.81994334,15.01149328,60.17018459,52.39965882,212.99
5/26/15,31.77426586,15.01173265,60.21633808,52.40810035,210.7
5/27/15,31.78410004,15.01077586,60.20064183,52.39897787,212.7
5/28/15,31.75590969,15.01017616,60.17952889,52.32286783,212.46
5/29/15,31.7409835,15.01029632,60.20930189,52.28285928,211.14
6/1/15,31.76781079,15.01253842,60.209696,52.33980293,211.57
6/2/15,31.77418574,15.00919762,60.17902528,52.30717786,211.36
6/3/15,31.78244569,15.0073497,60.12611849,52.27708592,211.92
6/4/15,31.7743645,15.0048856,60.12597001,52.27026161,210.13
6/5/15,31.76991417,15.00814117,60.15525566,52.2965465,209.77
6/8/15,31.723656,15.00398998,60.12218017,52.1818885,208.48
6/9/15,31.69307544,15.00835652,60.14300934,52.17021651,208.45
6/10/15,31.71700491,15.01548671,60.13681721,52.21667698,210.95
6/11/15,31.68480182,15.01757724,60.15133942,52.16426068,211.63
6/12/15,31.6555539,15.01303009,60.13220477,52.12810137,210.01
6/15/15,31.66351442,15.01847433,60.11905082,52.09929,209.11
6/16/15,31.66314408,15.01530693,60.10509235,52.08805238,210.25
6/17/15,31.67987153,15.01964939,60.10510663,52.11649268,210.59
6/18/15,31.69952778,15.01762285,60.11104903,52.11824064,212.78
6/19/15,31.68951442,15.02075958,60.10299272,52.07199988,210.5
6/22/15,31.69426534,15.02118688,60.11100498,52.07494642,211.89
6/23/15,31.68330447,15.01905309,60.10870796,52.04925726,212.04
6/24/15,31.67033668,15.01674946,60.08847321,52.03953454,210.5
6/25/15,31.67906087,15.04564595,60.07904009,52.03700568,209.86
6/26/15,31.61583134,15.04970027,60.11844846,51.98940695,209.82
6/29/15,31.54753594,15.04530087,60.08443619,51.87486491,205.42
6/30/15,31.59109348,15.04569954,60.11438549,51.94768561,205.85
7/1/15,31.60659839,15.04624253,60.13947486,51.97471604,207.5
7/2/15,31.61733089,15.04490532,60.11942212,51.94413247,207.31
7/6/15,31.54850439,15.05071099,60.14299955,51.88654774,206.72
7/7/15,31.52904929,15.0519594,60.15196223,51.86759376,208.02
7/8/15,31.42765849,15.04694872,60.1199894,51.77470815,204.53
7/9/15,31.47289116,15.04911322,60.1283433,51.82559938,204.9
7/10/15,31.54047254,15.05388049,60.18278379,51.9181617,207.48
7/13/15,31.6020119,15.06038351,60.19486195,51.99323807,209.77
7/14/15,31.61080967,15.06007146,60.1794632,51.96677468,210.68
7/15/15,31.57822538,15.05798924,60.21800834,51.96577587,210.61
7/16/15,31.61025498,15.05666227,60.24019785,52.0160393,212.3
7/17/15,31.64077577,15.05490933,60.26621277,52.11190889,212.48
7/20/15,31.61277143,15.05466264,60.286341,52.09766232,212.59
7/21/15,31.5967721,15.05152374,60.26370867,52.0754811,211.75
7/22/15,31.61412991,15.05504826,60.2708628,52.14794868,211.37
7/23/15,31.60372962,15.05522442,60.25149809,52.11955385,210.18
7/24/15,31.55061033,15.05349898,60.25201665,52.08896672,208
7/27/15,31.50980013,15.05066738,60.22372619,52.0037387,206.79
7/28/15,31.55065683,15.05159548,60.25450875,51.99020901,209.33
7/29/15,31.55831077,15.05611636,60.25548732,51.97509838,210.77
7/30/15,31.54447217,15.05400887,60.28968096,51.98994213,210.82
7/31/15,31.52289719,15.0541856,60.26425972,51.90530245,210.5
8/3/15,31.49526897,15.05372634,60.27762627,51.90109665,209.79
8/4/15,31.49236082,15.05783,60.31836571,51.97082512,209.38
8/5/15,31.48385552,15.05160898,60.29089443,51.99010194,210.07
8/6/15,31.53326616,15.04847538,60.28356887,51.94377745,208.35
8/7/15,31.56960723,15.04876294,60.24850613,51.91223733,207.95
8/10/15,31.63343153,15.04865519,60.26124788,51.99072083,210.57
8/11/15,31.63343153,15.04865519,60.26124788,51.99072083,208.67
8/12/15,31.63343153,15.04865519,60.26124788,51.99072083,208.92
8/13/15,31.63343153,15.04865519,60.26124788,51.99072083,208.66
8/14/15,31.65707747,15.05063785,60.28825709,51.99887791,209.42
8/17/15,31.6617219,15.05035116,60.39780144,52.02717385,210.59
8/18/15,31.64959141,15.04733835,60.42296398,51.96088844,209.98
8/19/15,31.62079115,15.04494964,60.38243162,51.91466907,208.32
8/20/15,31.55709053,15.03485223,60.18490214,51.86022081,203.97
8/21/15,31.49398877,15.03184523,59.99993727,51.79829419,197.83
8/24/15,31.39669569,15.0244871,59.83986576,51.75006509,189.55
8/25/15,31.37993385,15.01983323,59.8194178,51.7461496,187.27
8/26/15,31.44890606,15.03493597,59.96815775,51.77497062,194.46
8/27/15,31.55986608,15.0420482,60.10432225,51.84950228,199.27
8/28/15,31.55467775,15.04197451,60.03603757,51.87404808,199.28
8/31/15,31.53236479,15.03386622,60.15794297,51.84830049,197.67
9/1/15,31.45579178,15.02517876,60.00286083,51.82001609,191.77
9/2/15,31.48872534,15.0296384,60.08464701,51.84265763,195.41
9/3/15,31.48050978,15.03319741,60.10844013,51.83062799,195.55
9/4/15,31.43677423,15.02944867,60.07614743,51.83603486,192.59
9/8/15,31.47924096,15.03714605,60.14980235,51.86081539,197.43
9/9/15,31.44429957,15.03171811,60.10524208,51.84196929,194.79
9/10/15,31.44442485,15.02909254,60.0900091,51.84849477,195.85
9/11/15,31.42325126,15.02682972,60.05180699,51.84807486,196.74
9/14/15,31.42239509,15.02794954,60.02182618,51.84947844,196.01
9/15/15,31.44993936,15.03125928,60.05253314,51.8743291,198.46
9/16/15,31.52242749,15.02882035,60.0506423,51.87637487,200.18
9/17/15,31.53904331,15.03196819,60.1749518,51.95779114,199.73
9/18/15,31.53182181,15.01850549,60.14672229,51.94780128,195.45
9/21/15,31.50205252,15.01755444,60.0805692,51.97109866,196.46
9/22/15,31.44835335,15.01938248,59.91688042,51.9364863,193.91
9/23/15,31.43099298,15.02515296,59.94007684,51.90111217,193.6
9/24/15,31.38603469,15.01637216,59.79382538,51.90698411,192.9
9/25/15,31.33546408,15.0065962,59.73506219,51.85549689,192.85
9/28/15,31.20104078,14.98431697,59.37525208,51.81363338,188.01
9/29/15,31.18216116,14.98453722,59.41039135,51.79798538,188.12
9/30/15,31.30285437,14.99897594,59.54875524,51.81789651,191.63
10/1/15,31.32492124,14.99783668,59.66082316,51.8575276,192.13
10/2/15,31.38664438,15.00122382,59.73699253,51.87070509,195
10/5/15,31.39804256,15.00524755,59.94608614,51.90086809,198.47
10/6/15,31.3745823,14.99841414,59.90657539,51.86100183,197.79
10/7/15,31.32933632,14.99989395,59.97551833,51.86421901,199.41
10/8/15,31.36327451,14.9961476,59.99594417,51.83582826,201.21
10/9/15,31.37945421,15.00146909,59.93868894,51.85276706,201.33
10/12/15,31.34785395,15.00096625,59.91126276,51.76812911,201.52
10/13/15,31.34500618,14.99286661,59.87615139,51.72543896,200.25
10/14/15,31.36362046,14.9935548,59.87260456,51.67421626,199.29
10/15/15,31.39877179,14.97720117,60.15973049,51.68979905,202.35
10/16/15,31.43720042,14.98054141,60.26319502,51.68949076,203.27
10/19/15,31.39415928,14.98304407,60.25371911,51.68588702,203.37
10/20/15,31.34481743,14.97820911,60.24548185,51.71510189,203.09
10/21/15,31.22387531,14.97271783,60.13973818,51.64349456,201.85
10/22/15,31.18077696,14.94928617,60.21837853,51.70284025,205.26
10/23/15,31.25536245,14.96356396,60.28994374,51.70508566,207.51
10/26/15,31.27637054,14.96403605,60.30150416,51.71079871,207
10/27/15,31.24798788,14.96271607,60.24380846,51.68750523,206.6
10/28/15,31.34302079,14.963568,60.16910963,51.70699673,208.95
10/29/15,31.30188395,14.95752526,60.1715072,51.70932164,208.83
10/30/15,31.32013837,14.96276621,60.0717721,51.71304596,207.93
11/2/15,31.3522987,14.96731054,60.11119493,51.69201044,210.39
11/3/15,31.37110502,14.96287409,60.20394312,51.71099836,211
11/4/15,31.32761654,14.9622588,60.23571026,51.6410363,210.36
11/5/15,31.21133186,14.96187945,60.20519608,51.63587379,210.15
11/6/15,31.23402708,14.9684306,60.22129436,51.58215247,210.04
11/9/15,31.20962616,14.96847715,60.20042538,51.54535363,208.08
11/10/15,31.21112415,14.96894265,60.16611629,51.51524929,208.56
11/11/15,31.20622421,14.95769336,60.1451304,51.55309033,207.74
11/12/15,31.20622421,14.95769336,60.1451304,51.55309033,204.84
11/13/15,31.20622421,14.95769336,60.1451304,51.55309033,202.54
11/16/15,31.21767547,14.95932982,60.14642126,51.56831966,205.62
11/17/15,31.20923668,14.97032655,60.1386393,51.56934238,205.47
11/18/15,31.24018533,14.97770759,60.15963647,51.56528732,208.73
11/19/15,31.23497696,14.95611968,60.15281264,51.56316935,208.55
11/20/15,31.23606645,14.96586127,60.1518505,51.52594293,209.31
11/23/15,31.23455899,14.96694742,60.1563116,51.58026838,209.07
11/24/15,31.25001976,14.97480519,60.15133514,51.57825628,209.35
11/25/15,31.26527108,14.97589592,60.15118359,51.62538239,209.32
11/27/15,31.26878442,14.98038676,60.15814825,51.63314918,209.56
11/30/15,31.25749413,14.97264858,60.15656596,51.64148121,208.69
12/1/15,31.25471558,14.98784473,60.16245864,51.64414914,210.68
12/2/15,31.2227239,14.98206216,60.15058409,51.63438586,208.53
12/3/15,31.19021987,14.96726126,60.11982008,51.61977668,205.61
12/4/15,31.20430265,14.97161766,60.13705083,51.65424401,209.62
12/7/15,31.10088922,14.96267908,60.15042445,51.68910728,208.35
12/8/15,31.09476192,14.96602678,60.14578625,51.68292947,206.95
12/9/15,31.10651851,14.96526841,60.13773384,51.66523099,205.34
12/10/15,31.10553244,14.96991495,60.12883363,51.63707585,205.87
12/11/15,31.04896121,14.95793658,60.09956367,51.57061545,201.88
12/14/15,31.00817585,14.95448968,60.08061332,51.58214599,202.9
12/15/15,31.0747054,14.96162451,60.09857181,51.65338033,205.03
12/16/15,31.11708445,14.9626024,60.12591793,51.69715238,208.03
12/17/15,31.11734986,14.95804821,60.12072886,51.66515753,204.86
12/18/15,31.12356085,14.95612758,60.09405848,51.54185539,200.02
12/21/15,31.13445365,14.97175504,60.10353238,51.56518803,201.67
12/22/15,31.19475352,14.97068334,60.11202283,51.57470838,203.5
12/23/15,31.25428305,14.98352723,60.1151797,51.5820281,206.02
12/24/15,31.23937526,14.98055682,60.12089506,51.59525339,205.68
12/28/15,31.1964114,14.97520082,60.11786231,51.55098594,205.21
12/29/15,31.19899818,14.98073344,60.135946,51.55502902,207.4
12/30/15,31.17692153,14.97809467,60.12911161,51.54980902,205.93
12/31/15,31.17683412,14.97237155,60.1233569,51.51834534,203.87
1/4/16,31.17443374,14.96375184,60.09136527,51.50153071,201.02
1/5/16,31.16862005,14.96365991,60.07952981,51.50456194,201.36
1/6/16,31.10641382,14.95793868,60.07213431,51.53055608,198.82
1/7/16,31.04868431,14.9481404,60.06499361,51.50178235,194.05
1/8/16,31.02169609,14.94334291,60.07062555,51.46780061,191.925
1/11/16,30.98311123,14.96075651,60.07545284,51.3279526,192.11
1/12/16,30.98366475,14.95774251,60.0767899,51.32126945,193.66
1/13/16,30.88921498,14.94522064,60.03464038,51.25017703,188.83
1/14/16,30.96031789,14.94863985,60.05678027,51.26733205,191.93
1/15/16,30.89071267,14.94175936,60.0122039,51.22988436,187.81
1/19/16,30.85967327,14.9380834,60.01737743,51.17921242,188.06
1/20/16,30.85190972,14.93961495,60.03679262,51.22560753,185.65
1/21/16,30.89276866,14.94804689,60.03145491,51.24445203,186.69
1/22/16,31.00165188,14.96084666,60.06280913,51.33012233,190.52
1/25/16,30.97781247,14.9584481,60.04938629,51.28673117,187.64
1/26/16,31.06129628,14.96904195,60.05229544,51.30134357,190.2
1/27/16,31.01670008,14.96804495,60.01211165,51.26535806,188.13
1/28/16,31.00134899,14.96270968,60.02139881,51.29468566,189.11
1/29/16,31.03127945,14.97337623,60.04882253,51.35343799,193.72
2/1/16,31.02296678,14.98196318,60.07664956,51.33621083,193.65
2/2/16,30.98790387,14.98475274,60.04813344,51.25828926,190.16
2/3/16,31.02309013,14.97461122,60.07379393,51.29913077,191.3
2/4/16,31.05930357,14.97391833,60.04376298,51.31702839,191.6
2/5/16,31.03687467,14.96886311,60.03045252,51.23475484,187.95
2/8/16,30.93275973,14.95165594,59.98595003,51.157646,185.42
2/9/16,30.91421595,14.95356114,60.00379534,51.10532691,185.43
2/10/16,30.92126281,14.9549631,59.99431763,51.16040802,185.27
2/11/16,30.92126281,14.9549631,59.99431763,51.16040802,182.86
2/12/16,30.92126281,14.9549631,59.99431763,51.16040802,186.63
2/16/16,31.00833175,14.96169194,60.00849353,51.20583272,189.78
2/17/16,31.05084586,14.96696978,60.02806773,51.25324677,192.88
2/18/16,31.01912316,14.95996383,60.0271638,51.2420527,192.09
2/19/16,31.01293515,14.95707774,60.03471464,51.25351891,192
2/22/16,31.04030053,14.95799747,60.05558608,51.27399427,194.78
2/23/16,31.0070475,14.95657803,60.04046703,51.2176081,192.32
2/24/16,31.02514746,14.95996685,60.04909794,51.24613467,193.2
2/25/16,31.0545441,14.96671764,60.08823815,51.27521922,195.54
2/26/16,31.06335021,14.96772935,60.08353327,51.25469714,195.09
2/29/16,30.89647623,14.925182,60.07627952,51.26402487,193.56
3/1/16,30.93753354,14.9276922,60.10248752,51.30563444,198.11
3/2/16,30.9804411,14.93597319,60.09090968,51.32592576,199
3/3/16,30.96961918,14.93263206,60.10040686,51.32905419,199.775
3/4/16,30.97811119,14.92900218,60.10607426,51.33297382,200.43
3/7/16,31.02386144,14.93944501,60.11468384,51.34161433,200.59
3/8/16,30.95832775,14.93031795,60.09584391,51.32069571,198.4
3/9/16,30.95648096,14.92599553,60.11759644,51.33895011,199.38
3/10/16,30.93171928,14.91926702,60.11030064,51.34952589,199.54
3/11/16,31.00429263,14.92965936,60.12546155,51.37512552,202.76
3/14/16,30.99732032,14.92796933,60.11675767,51.35917303,202.5
3/15/16,30.79631098,14.88216396,60.1214831,51.36485405,202.17
3/16/16,30.84794406,14.89044642,60.17707343,51.41011327,203.34
3/17/16,30.76737407,14.86729475,60.19381324,51.42626481,204.63
3/18/16,30.77891856,14.8662096,60.19551286,51.4241407,204.38
3/21/16,30.76956825,14.85965086,60.20453318,51.42599728,204.67
3/22/16,30.82338676,14.87353076,60.21192235,51.43714742,204.56
3/23/16,30.78100641,14.86750991,60.20193093,51.41448276,203.21
3/24/16,30.76787828,14.86546684,60.1848761,51.39951955,203.12
3/28/16,30.73238163,14.85607033,60.18445986,51.38612017,203.24
3/29/16,30.77084294,14.86111245,60.2080053,51.4092399,205.12
3/30/16,30.76707098,14.85762409,60.20949417,51.41474751,206.02
3/31/16,30.7636704,14.85569083,60.20601105,51.4123429,205.52
4/1/16,30.78584247,14.85946294,60.21000729,51.41338805,206.92
4/4/16,30.7715143,14.85773785,60.21645299,51.42520092,206.25
4/5/16,30.70386217,14.84705691,60.20831144,51.39777285,204.19
4/6/16,30.79571091,14.86497899,60.21644864,51.4135621,206.42
4/7/16,30.77533572,14.86358145,60.20835027,51.40169286,203.95
4/8/16,30.74922285,14.85812735,60.2034363,51.38913235,204.5
4/11/16,30.6840381,14.84172167,60.19681269,51.37323307,204.02
4/12/16,30.69497351,14.84360389,60.19940329,51.38444025,205.92
4/13/16,30.74788474,14.85066971,60.2111524,51.41529476,208
4/14/16,30.74551327,14.85075754,60.20152831,51.40380222,208.01
4/15/16,30.72106014,14.84467955,60.21119928,51.43090065,207.78
4/18/16,30.79538277,14.86132127,60.20545995,51.42760363,209.24
4/19/16,30.79486612,14.86307452,60.2097699,51.44002069,209.9
4/20/16,30.7964593,14.86054805,60.18072459,51.41750722,210.1
4/21/16,30.89686368,14.88525852,60.18737546,51.4303842,208.97
4/22/16,30.93038237,14.898969,60.1764912,51.42641891,208.97
4/25/16,30.82059227,14.87572654,60.20414717,51.45754026,208.61
4/26/16,30.78881061,14.87181906,60.20923069,51.47073427,208.92
4/27/16,30.75451506,14.86784326,60.18876916,51.47242693,209.35
4/28/16,30.72428895,14.8634029,60.20693593,51.4579131,207.445
4/29/16,30.69157847,14.85418524,60.21695941,51.47088295,206.33
5/2/16,30.69957337,14.85535961,60.23727904,51.47366831,207.97
5/3/16,30.70656987,14.86232213,60.22104167,51.45016601,206.16
5/4/16,30.6837706,14.85665591,60.21951339,51.46896216,205.01
5/5/16,30.68223364,14.851065,60.21533011,51.45898642,204.97
5/6/16,30.3735527,14.772195,60.22039524,51.42929087,205.72
5/9/16,30.33075762,14.76133575,60.22564817,51.42905139,205.89
5/10/16,30.35766688,14.76481852,60.24091595,51.4506904,208.45
5/11/16,30.24733008,14.73923192,60.24341752,51.44683321,206.5
5/12/16,30.23080629,14.73757396,60.22945294,51.43307989,206.56
5/13/16,30.23080629,14.73757396,60.22945294,51.43307989,204.76
5/16/16,30.23717,14.74430286,60.18500772,51.25314129,206.78
5/17/16,30.23231724,14.76434814,60.18092979,51.24061932,204.85
5/18/16,30.23891489,14.77309713,60.18796527,51.26161096,204.91
5/19/16,30.22319285,14.75425596,60.1799609,51.25095866,204.2
5/20/16,30.23627986,14.77099935,60.19992698,51.3577332,205.49
5/23/16,30.23968471,14.76528695,60.16771072,51.25076992,205.21
5/24/16,30.25648831,14.77299701,60.18536058,51.29517807,207.87
5/25/16,30.26782688,14.77121271,60.17338607,51.25962891,209.28
5/26/16,30.26813398,14.76997346,60.14443573,51.18670394,209.34
5/27/16,30.27225226,14.77386902,60.1504583,51.21043803,210.24
5/31/16,30.27168834,14.78482808,60.14441987,51.22313792,209.84
6/1/16,30.27924832,14.80212976,60.18341721,51.37829515,210.27
6/2/16,30.28053959,14.81931827,60.18481307,51.37710181,210.91
6/3/16,30.30194382,14.82201734,60.16916074,51.32114637,210.28
6/6/16,30.30419239,14.82990568,60.15735983,51.30849252,211.35
6/7/16,30.30564704,14.81847244,60.15316812,51.29316559,211.68
6/8/16,30.30723221,14.82043168,60.16473502,51.32274731,212.37
6/9/16,30.30888099,14.8253547,60.16284886,51.33316135,212.08
6/10/16,30.29075723,14.79510266,60.16353666,51.31935724,210.07
6/13/16,30.27719681,14.79891204,60.15522503,51.3259715,208.45
6/14/16,30.26694575,14.80780487,60.14842747,51.30622747,208.04
6/15/16,30.27082508,14.80144096,60.14661169,51.30959167,207.75
6/16/16,30.27122497,14.80419866,60.15375295,51.32130972,208.37
6/17/16,30.26706301,14.7935275,60.15074493,51.29921235,206.52
6/20/16,30.26849122,14.78652326,60.1567997,51.3272273,207.85
6/21/16,30.27280511,14.77116493,60.16277626,51.33448226,208.44
6/22/16,30.26957109,14.77232732,60.16318472,51.30899648,208.1
6/23/16,30.2850229,14.78242584,60.17500315,51.38326245,210.81
6/24/16,30.24412771,14.75750419,60.12432558,51.19312182,203.13
6/27/16,30.22189697,14.7288057,60.11067967,51.13149902,199.6
6/28/16,30.25816174,14.79215574,60.11737175,51.17661805,203.2
6/29/16,30.28022442,14.78986346,60.16474035,51.3799894,206.66
6/30/16,30.29285053,14.78360653,60.17708656,51.41713007,209.475
7/1/16,30.30245873,14.81486677,60.19408164,51.48211759,209.92
7/5/16,30.29487525,14.80537524,60.18931455,51.45510854,208.41
7/6/16,30.30174623,14.81699809,60.19242556,51.44789266,209.66
7/7/16,30.30359283,14.82074184,60.20645616,51.48407828,209.525
7/8/16,30.32487843,14.82505919,60.22166105,51.55799949,212.65
7/11/16,30.32468903,14.82053368,60.2377972,51.61016553,213.4
7/12/16,30.32956835,14.82630647,60.23481997,51.6321314,214.95
7/13/16,30.3208565,14.82579942,60.23112946,51.61357155,214.92
7/14/16,30.32687054,14.83203619,60.23928147,51.63835376,216.12
7/15/16,30.32700038,14.83192917,60.22284159,51.56019748,215.83
7/18/16,30.32684783,14.83766469,60.22067878,51.54200037,216.41
7/19/16,30.31845356,14.82839959,60.20934704,51.4992221,216.19
7/20/16,30.32280717,14.84075293,60.23032998,51.57868756,217.085
7/21/16,30.31833343,14.84268019,60.24669206,51.62900862,216.265
7/22/16,30.32319427,14.83394651,60.26012298,51.67294298,217.24
7/25/16,30.32122736,14.8381429,60.25025511,51.63826048,216.65
7/26/16,30.3377641,14.83090789,60.24171463,51.59709668,216.75
7/27/16,30.33825677,14.83927577,60.24331302,51.59009202,216.52
7/28/16,30.34505504,14.84257552,60.23913428,51.61843835,216.77
7/29/16,30.34227172,14.83219175,60.22874156,51.57021586,217.12
8/1/16,30.34532474,14.82733577,60.23327652,51.74389704,216.94
8/2/16,30.33601901,14.83647448,60.22682514,51.80082283,215.55
8/3/16,30.34468492,14.85881382,60.23526301,51.90826929,216.18
8/4/16,30.35888753,14.85590434,60.23314774,51.9233573,216.41
8/5/16,30.37902908,14.85551106,60.22627,51.87089962,218.18
8/8/16,30.37027374,14.85749904,60.23467951,51.89833591,218.05
8/9/16,30.38347668,14.93256771,60.31090448,52.1917859,218.18
8/10/16,30.38347668,14.93256771,60.31090448,52.1917859,217.64
8/11/16,30.38347668,14.93256771,60.31090448,52.1917859,218.65
8/12/16,30.38347668,14.93256771,60.31090448,52.1917859,218.46
8/15/16,30.38990103,14.92266092,60.32012934,52.29501781,219.09
8/16/16,30.38642676,14.91882616,60.30619814,52.10155598,217.96
8/17/16,30.37960259,14.91640528,60.30711624,52.08489387,218.37
8/18/16,30.3729671,14.9183062,60.29898079,51.97339361,218.86
8/19/16,30.36749907,14.92026029,60.29096059,51.84873192,218.54
8/22/16,30.36535148,14.91902857,60.29232378,51.84117773,218.53
8/23/16,30.36553774,14.92709607,60.29254024,51.82157514,218.97
8/24/16,30.35869983,14.90790474,60.28993549,51.76397698,217.85
8/25/16,30.36089287,14.89510809,60.29131476,51.76841486,217.7
8/26/16,30.36134269,14.894841,60.28768142,51.69549951,217.29
8/29/16,30.36513876,14.89201024,60.29270956,51.77982164,218.36
8/30/16,30.36245839,14.89293832,60.30747705,51.96710942,218
8/31/16,30.36057608,14.89023226,60.31066505,52.02663267,217.38
9/1/16,30.36462579,14.88564617,60.35370173,52.64597122,217.39
9/2/16,30.37218021,14.88195154,60.36545523,52.80114552,218.37
9/6/16,30.39268005,14.89067425,60.3771027,52.97550577,219.03
9/7/16,30.38732349,14.88874681,60.38598249,53.13080638,219.01
9/8/16,30.39388963,14.89233066,60.35580139,52.69448037,218.51
9/9/16,30.37371705,14.88149964,60.33505209,52.40684228,213.28
9/12/16,30.38174183,14.89310913,60.35432031,52.69059638,216.34
9/13/16,30.37019309,14.88585194,60.33507098,52.45728454,213.23
9/14/16,30.37391847,14.88610725,60.33954495,52.54396882,213.15
9/15/16,30.38060244,14.891248,60.34066094,52.52404656,215.28
9/16/16,30.37872581,14.89312614,60.33783635,52.50099341,213.37
9/19/16,30.37862502,14.88283071,60.32942578,52.33174979,213.41
9/20/16,30.38589378,14.88687668,60.33364561,52.42724488,213.42
9/21/16,30.39920454,14.88706689,60.37001749,53.02046265,215.82
9/22/16,30.40343273,14.89015123,60.38088143,53.17007234,217.18
9/23/16,30.40370921,14.92915817,60.37769311,53.17871363,215.99
9/26/16,30.39576841,14.91287585,60.36787723,53.02937927,214.24
9/27/16,30.39630054,14.92054534,60.37527788,53.09451669,215.57
9/28/16,30.40720611,14.91848354,60.38116145,53.1578158,216.64
9/29/16,30.40347835,14.90138083,60.36252194,52.88762574,214.68
9/30/16,30.40876897,14.89277819,60.3608173,52.78202641,216.3
10/3/16,30.40400569,14.8981955,60.35424828,52.73760553,215.78
10/4/16,30.40614407,14.89722064,60.35116427,52.76412413,214.68
10/5/16,30.41569134,14.90945615,60.35075352,52.74621451,215.63
10/6/16,30.41338405,14.89903775,60.35458059,52.77852604,215.78
10/7/16,30.41201691,14.89620928,60.34432429,52.74957641,215.04
10/10/16,30.41360338,14.9067437,60.34743602,52.82311208,216.16
10/11/16,30.39940486,14.89586538,60.30905184,52.27772269,213.43
10/12/16,30.39939857,14.88408761,60.30316132,52.21302761,213.71
10/13/16,30.39677133,14.88634346,60.30211724,52.16013521,213.01
10/14/16,30.39030063,14.88606005,60.30526607,52.18651318,213.12
10/17/16,30.38622356,14.87851406,60.30648397,52.17209911,212.38
10/18/16,30.39462182,14.88750774,60.31427816,52.30016492,213.71
10/19/16,30.38856048,14.88842035,60.31570724,52.32488722,214.28
10/20/16,30.39100177,14.89706689,60.31014829,52.20380827,213.88
10/21/16,30.38419217,14.89921578,60.29971691,52.04107947,213.98
10/24/16,30.38135386,14.89904579,60.31710619,52.25807073,214.89
10/25/16,30.38452363,14.90548524,60.3044914,52.07372785,214.17
10/26/16,30.38589088,14.8981905,60.27172296,51.60414969,213.74
10/27/16,30.38914786,14.89236547,60.25215241,51.3339742,213.17
10/28/16,30.38557401,14.88043039,60.27100141,51.55971911,212.54
10/31/16,30.37973462,14.86944752,60.27355806,51.65400353,212.55
11/1/16,30.38589219,14.87073037,60.27089055,51.63293738,211.01
11/2/16,30.37836751,14.85779585,60.27901367,51.6209547,209.74
11/3/16,30.36986966,14.80826786,60.25708558,51.29040545,208.78
11/4/16,30.3734274,14.81619336,60.26664393,51.48383477,208.55
11/7/16,30.37981393,14.83272634,60.29680252,51.8802272,213.15
11/8/16,30.37233005,14.81394815,60.31669018,52.10785912,214.11
11/9/16,30.37233005,14.81394815,60.31669018,52.10785912,216.38
11/10/16,30.37233005,14.81394815,60.31669018,52.10785912,216.92
11/11/16,30.37233005,14.81394815,60.31669018,52.10785912,216.42
11/14/16,30.39441614,14.82715176,60.27225901,51.38828202,216.59
11/15/16,30.38744159,14.82457083,60.26167084,51.50746953,218.28
11/16/16,30.38305217,14.81010119,60.27081204,51.74677979,217.87
11/17/16,30.38681048,14.81305266,60.28614017,52.08419476,218.99
11/18/16,30.38243725,14.80922337,60.27251355,51.8905685,218.5
11/21/16,30.38670926,14.80841742,60.28311672,52.03716103,220.15
11/22/16,30.3797544,14.78966786,60.32347695,52.42870008,220.58
11/23/16,30.38982751,14.79903737,60.3251731,52.36136054,220.7
11/25/16,30.39096324,14.79106218,60.33777791,52.49169577,221.52
11/28/16,30.39143101,14.79437047,60.31467714,52.34092277,220.48
11/29/16,30.39731941,14.78925046,60.35460003,52.84219904,220.91
11/30/16,30.39563089,14.78064354,60.335717,52.45428197,220.38
12/1/16,30.39209858,14.77196316,60.3199936,51.90298444,219.57
12/2/16,30.40406071,14.77751003,60.29177642,51.69651379,219.68
12/5/16,30.4154466,14.77976994,60.31446421,52.00494507,221
12/6/16,30.42751879,14.77892239,60.34174028,52.21525537,221.7
12/7/16,30.44654397,14.76942426,60.37646369,52.6826226,224.6
12/8/16,30.42678258,14.78252521,60.35982913,52.58244898,225.15
12/9/16,30.43292755,14.78027573,60.35975079,52.66783373,226.51
12/12/16,30.40948197,14.76764683,60.35022942,52.53597802,226.25
12/13/16,30.42227922,14.77947273,60.37344928,52.79257977,227.76
12/14/16,30.41107471,14.76477549,60.38902758,52.8344343,225.88
12/15/16,30.40594113,14.76773527,60.39932852,52.88089364,226.81
12/16/16,30.40750254,14.77707831,60.39373511,52.76507719,225.04
12/19/16,30.41915346,14.77501728,60.4009748,52.8392499,225.53
12/20/16,30.42049888,14.78056886,60.40580709,52.96106703,226.4
12/21/16,30.42024424,14.77228783,60.40808585,52.92262591,225.77
12/22/16,30.4177584,14.7702261,60.40490299,52.58720513,225.38
12/23/16,30.42338969,14.78377928,60.40515045,52.56352702,225.71
12/27/16,30.43095534,14.77874878,60.40873556,52.72696207,226.27
12/28/16,30.41820727,14.76670976,60.40521754,52.60819575,224.4
12/29/16,30.41501838,14.76622424,60.41081478,52.62120497,224.35
12/30/16,30.40822993,14.77724407,60.39276165,52.45389001,223.53
1/3/17,30.42536824,14.80246061,60.38777301,52.51077396,225.24
1/4/17,30.43625477,14.81207698,60.41297231,52.92360927,226.58
1/5/17,30.45217446,14.81178343,60.42927981,53.51745567,226.4
1/6/17,30.46169436,14.79241007,60.43514089,53.71038551,227.21
1/9/17,30.44617686,14.7851247,60.42612546,53.59285017,226.46
1/10/17,30.4537645,14.76947366,60.43231601,53.88515948,226.46
1/11/17,30.44403251,14.73491391,60.44040655,53.96049475,227.1
1/12/17,30.44076098,14.73147971,60.42966182,53.7400895,226.53
1/13/17,30.44035457,14.71696259,60.43530677,53.83179327,227.05
1/17/17,30.44475581,14.71183173,60.46171011,54.15365367,226.25
1/18/17,30.44393883,14.71654611,60.45999232,54.07202862,226.75
1/19/17,30.43635395,14.70597088,60.4709949,54.11895695,225.91
1/20/17,30.432053,14.69368966,60.48321992,54.18244427,226.74
1/23/17,30.42597149,14.68355916,60.48651246,54.46839587,226.15
1/24/17,30.43976028,14.67904054,60.48558935,54.75764839,227.6
1/25/17,30.43474187,14.67989151,60.49345398,55.0541536,229.57
1/26/17,30.43402922,14.68258427,60.57272911,55.86947475,229.33
1/27/17,30.41373916,14.67528602,60.54035749,55.41585264,228.97
1/30/17,30.40408631,14.66977918,60.54135329,55.26213536,227.55
1/31/17,30.41148578,14.68780164,60.53554855,55.20880632,227.53
2/1/17,30.39825415,14.69195273,60.54730999,55.30872738,227.62
2/2/17,30.37947387,14.70267713,60.53882456,55.21441451,227.77
2/3/17,30.39797081,14.71541637,60.55440263,55.34260531,229.34
2/6/17,30.4011216,14.71081417,60.53170898,55.10407163,228.93
2/7/17,30.41147557,14.70110774,60.53361599,55.1605696,228.94
2/8/17,30.40985802,14.70978643,60.54133699,55.4767679,229.24
2/9/17,30.4183196,14.71347879,60.54320984,55.43836037,230.6
2/10/17,30.4183196,14.71347879,60.54320984,55.43836037,231.51
2/13/17,30.4183196,14.71347879,60.54320984,55.43836037,232.77
2/14/17,30.42304708,14.72757494,60.53833046,55.5856572,233.7
2/15/17,30.4245734,14.75363568,60.55165696,55.74319806,234.92
2/16/17,30.42551338,14.74496713,60.54628892,55.67950751,234.72
2/17/17,30.42714693,14.74084081,60.5544361,55.62485256,235.09
2/21/17,30.4296174,14.74524281,60.55140354,55.73007378,236.49
2/22/17,30.43430911,14.73933127,60.5553861,55.79908198,236.28
2/23/17,30.42141375,14.74839526,60.54915843,55.50869546,236.44
2/24/17,30.40118546,14.73346896,60.55551152,55.47533818,236.74
2/27/17,30.39545453,14.73316423,60.55496776,55.65472576,237.11
2/28/17,30.39367627,14.74182901,60.54437149,55.41485432,236.47
3/1/17,30.40808055,14.72443607,60.55821406,55.44383004,239.78
3/2/17,30.40222735,14.71072594,60.55070397,55.3321242,238.27
3/3/17,30.40404373,14.70969059,60.54295733,55.36336028,238.42
3/6/17,30.40567149,14.68953483,60.54614407,55.25307385,237.71
3/7/17,30.40258405,14.67388985,60.54460161,55.18410725,237
3/8/17,30.39686303,14.6696483,60.54429619,55.19104883,236.56
3/9/17,30.39587187,14.66202507,60.55045803,55.1768092,236.86
3/10/17,30.39301036,14.66932808,60.55528067,55.22008959,237.69
3/13/17,30.39683956,14.66624341,60.56523578,55.46706895,237.81
3/14/17,30.40005412,14.65341335,60.56366431,55.40279473,236.9
3/15/17,30.40571429,14.66642267,60.56549602,55.54303637,238.95
3/16/17,30.40752893,14.66806793,60.56528106,55.74665464,238.48
3/17/17,30.41094699,14.6720072,60.57511852,55.74551756,237.03
3/20/17,30.40747437,14.66005231,60.57108686,55.70979271,236.77
3/21/17,30.38252674,14.6494866,60.54972326,55.15530453,233.73
3/22/17,30.38330692,14.64348618,60.5507345,55.35314617,234.28
3/23/17,30.38530672,14.64776741,60.55970176,55.38494219,234.03
3/24/17,30.38683361,14.64738041,60.56402705,55.41711132,233.86
3/27/17,30.38616055,14.6640991,60.55747241,55.46139283,233.62
3/28/17,30.39624897,14.67205568,60.5652644,55.57587101,235.32
3/29/17,30.40353538,14.69581541,60.57714099,55.72038543,235.54
3/30/17,30.40656473,14.68591848,60.58560467,55.70111721,236.29
3/31/17,30.40341974,14.6902149,60.58408235,55.63225448,235.74
4/3/17,30.39946962,14.68264629,60.58459011,55.42906272,235.33
4/4/17,30.40072411,14.68601893,60.59847675,55.46382783,235.48
4/5/17,30.38994358,14.68535327,60.59638167,55.30935582,234.78
4/6/17,30.39608229,14.69491586,60.61273365,55.52421564,235.44
4/7/17,30.40077807,14.71017403,60.58966259,55.33336344,235.2
4/10/17,30.40058615,14.71174928,60.59246614,55.47414486,235.34
4/11/17,30.3983975,14.68404105,60.59787985,55.48574025,235.06
4/12/17,30.39277909,14.6829066,60.60466323,55.46895124,234.03
4/13/17,30.38988493,14.68175195,60.59014625,55.134096,232.51
4/17/17,30.39881832,14.68378112,60.59223898,55.31181858,234.57
4/18/17,30.39662417,14.67464151,60.5859141,55.22986546,233.87
4/19/17,30.40122869,14.68019847,60.60358489,55.48296149,233.44
4/20/17,30.41078248,14.68009022,60.61632203,55.78439998,235.34
4/21/17,30.40758551,14.67225379,60.62377462,55.75000941,234.59
4/24/17,30.42307321,14.69327905,60.63356587,56.16802744,237.17
4/25/17,30.42869373,14.69748055,60.65027278,56.27178082,238.55
4/26/17,30.43276218,14.70093616,60.65303089,56.8353226,238.4
4/27/17,30.42934485,14.70467685,60.66426426,56.78278677,238.6
4/28/17,30.43193543,14.70804934,60.64862879,56.82303205,238.08
5/1/17,30.43517686,14.71745372,60.64623768,56.91814866,238.68
5/2/17,30.43568459,14.71809335,60.62265178,56.64717334,238.77
5/3/17,30.43995726,14.69684216,60.57015442,56.26093646,238.48
5/4/17,30.44195247,14.70513404,60.56392246,56.29953867,238.76
5/5/17,30.44022057,14.71439993,60.61373037,56.77814392,239.7
5/8/17,30.44024319,14.6998688,60.57240837,56.46492536,239.66
5/9/17,30.44059283,14.75126519,60.57966677,56.56669757,239.44
5/10/17,30.44442947,14.75664115,60.58061317,56.58292041,239.87
5/11/17,30.44442947,14.75664115,60.58061317,56.58292041,239.38
5/12/17,30.44442947,14.75664115,60.58061317,56.58292041,238.98
5/15/17,30.45052568,14.7555251,60.57805019,56.70017346,240.3
5/16/17,30.45625544,14.75619651,60.57540365,56.89830058,240.08
5/17/17,30.43519055,14.74342023,60.54226754,56.49571181,235.82
5/18/17,30.43300512,14.73346913,60.55260186,56.54056509,236.77
5/19/17,30.42627875,14.73423389,60.55436282,56.63753725,238.31
5/22/17,30.44566566,14.73343975,60.55969242,56.78753764,239.52
5/23/17,30.44411012,14.7511097,60.56867705,56.6264602,240.05
5/24/17,30.44740953,14.75004387,60.60829641,56.8625036,240.61
5/25/17,30.44923816,14.75154608,60.62900583,56.9670266,241.76
5/26/17,30.45021642,14.75527218,60.64619256,57.04069145,241.71
5/30/17,30.4469835,14.75205548,60.64872759,57.00899109,241.5
5/31/17,30.44263727,14.75533338,60.6713794,57.09134859,241.44
6/1/17,30.40639588,14.76182322,60.68570451,57.36591782,243.36
6/2/17,30.40476392,14.75306454,60.71303009,57.43424303,244.17
6/5/17,30.39509307,14.74829572,60.67991404,57.33867624,243.99
6/6/17,30.38695828,14.74685904,60.67571891,57.25313978,243.21
6/7/17,30.39100594,14.74492779,60.68719991,57.37031056,243.66
6/8/17,30.40707125,14.76790147,60.65561443,57.89124762,243.78
6/9/17,30.39788563,14.73358677,60.63872177,57.64049962,243.41
6/12/17,30.39200716,14.7265301,60.65720819,57.76719564,243.36
6/13/17,30.39317517,14.72770597,60.67030615,57.76528581,244.55
6/14/17,30.39032009,14.72344355,60.65828839,57.67754774,244.24
6/15/17,30.37806433,14.72172247,60.65964675,57.5653921,243.77
6/16/17,30.37294233,14.72089134,60.66658298,57.54815616,242.64
6/19/17,30.3896102,14.72764,60.66597292,57.7536726,244.66
6/20/17,30.37813844,14.72721006,60.63609223,57.59567432,243.01
6/21/17,30.37574986,14.73437673,60.63070639,57.83454863,242.95
6/22/17,30.38773857,14.74003677,60.6319808,57.89540225,242.84
6/23/17,30.39678215,14.74430321,60.61724306,57.89149355,243.13
6/26/17,30.39965531,14.74365667,60.62901891,57.90861703,243.29
6/27/17,30.38161676,14.73440388,60.61734562,57.74639433,241.33
6/28/17,30.40599103,14.73819619,60.66149991,58.08576351,243.49
6/29/17,30.38560734,14.73221521,60.641603,57.79177802,241.35
6/30/17,30.38543079,14.7309152,60.64615804,57.79212869,241.8
7/3/17,30.38743835,14.73572381,60.61509651,57.80127022,242.21
7/5/17,30.39972714,14.73513816,60.63895322,58.01099693,242.77
7/6/17,30.37541307,14.73052137,60.62583111,57.88585311,240.55
7/7/17,30.38675549,14.73392035,60.63388646,57.94316736,242.11
7/10/17,30.38939724,14.73340903,60.64812433,58.09073886,242.37
7/11/17,30.39101351,14.7346372,60.6537474,58.27245118,242.19
7/12/17,30.39100131,14.74222674,60.67108499,58.43792077,244.01
7/13/17,30.40609661,14.74758743,60.65953023,58.56650954,244.42
7/14/17,30.41367267,14.74699184,60.67722365,58.71679412,245.56
7/17/17,30.41170733,14.75143276,60.67334728,58.66923513,245.53
7/18/17,30.41144279,14.74804144,60.68370691,58.79680119,245.66
7/19/17,30.4358799,14.74810052,60.69457917,58.815507,246.99
7/20/17,30.45081711,14.75173827,60.69207668,58.73094827,247.1
7/21/17,30.45881447,14.75305574,60.70833235,58.73704633,246.88
7/24/17,30.4501139,14.74191262,60.69765398,58.72031977,246.82
7/25/17,30.45120606,14.7394587,60.69720579,58.70983283,247.42
7/26/17,30.44205201,14.73610501,60.70024347,58.8941318,247.43
7/27/17,30.43956129,14.73279181,60.76646142,59.05951423,247.2
7/28/17,30.44077728,14.73051362,60.78195436,59.23720497,246.91
7/31/17,30.43825198,14.72979667,60.85272691,59.46205878,246.77
8/1/17,30.43952006,14.72047959,60.84032513,59.39478673,247.32
8/2/17,30.42674853,14.72040166,60.83150106,59.23053518,247.44
8/3/17,30.42342984,14.70817381,60.81469361,59.21656752,246.96
8/4/17,30.43333159,14.70014232,60.81133149,59.36345513,247.41
8/7/17,30.4429707,14.69945473,60.79626772,59.52657909,247.87
8/8/17,30.43459989,14.67569378,60.82767098,59.53880495,247.26
8/9/17,30.43702739,14.66983808,60.86330697,59.65413981,247.25
8/10/17,30.43702739,14.66983808,60.86330697,59.65413981,243.76
8/11/17,30.43702739,14.66983808,60.86330697,59.65413981,244.12
8/14/17,30.44752966,14.66909279,60.89491767,59.94332892,246.54
8/15/17,30.44959037,14.68136642,60.88189315,59.99433631,246.51
8/16/17,30.44663487,14.69320648,60.89289409,60.07913291,246.94
8/17/17,30.4398578,14.70469162,60.8611768,60.114751,243.09
8/18/17,30.46392425,14.70808646,60.8596383,60.23331775,242.71
8/21/17,30.46710058,14.70263851,60.86847522,60.42374639,242.9
8/22/17,30.47604401,14.70044195,60.87303985,60.6043671,245.44
8/23/17,30.47745136,14.69816917,60.84357952,60.72421677,244.56
8/24/17,30.48071141,14.71268228,60.84489545,60.751667,243.99
8/25/17,30.47626668,14.71448057,60.83923483,60.64990811,244.56
8/28/17,30.47443641,14.71802535,60.84494441,60.57651993,244.57
8/29/17,30.47359769,14.71078097,60.84010802,60.54896239,244.85
8/30/17,30.48069808,14.70727319,60.8580456,60.7040963,246.01
8/31/17,30.48709856,14.71690742,60.88401638,60.80453985,247.49
9/1/17,30.48690676,14.7132965,60.86568321,60.82553388,247.84
9/5/17,30.4772846,14.70376837,60.8663933,60.75447252,246.06
9/6/17,30.47390538,14.70823295,60.90461495,60.88636653,246.9
9/7/17,30.46752501,14.7089793,60.87821468,60.92457191,246.87
9/8/17,30.45320235,14.71629874,60.86733392,60.83344308,246.58
9/11/17,30.46824487,14.72993464,60.83087354,60.93590735,249.21
9/12/17,30.4826056,14.72698092,60.8323203,61.00321954,250.05
9/13/17,30.48694217,14.71788606,60.84470059,61.14626392,250.17
9/14/17,30.4865509,14.70116042,60.80955315,61.06112907,250.09
9/15/17,30.47376627,14.69875997,60.78718872,60.94024958,249.19
9/18/17,30.46996389,14.6905722,60.78382744,61.02979188,249.72
9/19/17,30.44805575,14.6944947,60.76619921,61.03581912,249.97
9/20/17,30.45983746,14.69984542,60.78278427,61.01766843,250.06
9/21/17,30.45479897,14.70553139,60.76630438,60.96995709,249.39
9/22/17,30.45748427,14.70321859,60.76502046,61.04854803,249.44
9/25/17,30.44936585,14.69908349,60.75009219,60.73420289,248.93
9/26/17,30.44731749,14.69264333,60.75096785,60.6737591,249.08
9/27/17,30.45797884,14.71409934,60.77476839,60.84035675,250.05
9/28/17,30.45737569,14.69732301,60.76031192,60.78758741,250.35
9/29/17,30.46688422,14.70851854,60.76861125,60.92076913,251.23
10/2/17,30.47263328,14.72825194,60.77948108,60.97472845,252.32
10/3/17,30.47338054,14.71594775,60.804362,61.14642077,252.86
10/4/17,30.46773916,14.72425593,60.80568535,61.12328213,253.16
10/5/17,30.4801182,14.72418176,60.80247933,61.11592348,254.66
10/6/17,30.47916231,14.71804769,60.79592794,61.1081587,254.37
10/9/17,30.4706194,14.71641835,60.78413332,61.17074987,253.95
10/10/17,30.47461952,14.71992101,60.77391132,61.18606998,254.62
10/11/17,30.47340925,14.72911875,60.77304198,61.23756091,255.02
10/12/17,30.45948808,14.71396925,60.73074656,61.00161349,254.64
10/13/17,30.45092332,14.71261948,60.74066196,60.98414094,254.95
10/16/17,30.45422904,14.69753234,60.7576617,61.03816448,255.29
10/17/17,30.44327119,14.70038062,60.73877097,60.83976077,255.47
10/18/17,30.44385612,14.70142115,60.72158569,60.94690065,255.72
10/19/17,30.44697567,14.71022071,60.7208643,60.79342275,255.79
10/20/17,30.4471653,14.70645257,60.71872738,60.8086569,257.11
10/23/17,30.43147858,14.69854814,60.69413186,60.58202404,256.11
10/24/17,30.43293221,14.69694857,60.67164621,60.65212291,256.56
10/25/17,30.43023275,14.68783972,60.69165862,60.56074378,255.29
10/26/17,30.41951437,14.67552573,60.5727239,60.36767792,255.62
10/27/17,30.42005922,14.65577476,60.61579051,60.59274092,257.71
10/30/17,30.42777842,14.65761782,60.62381699,60.78673512,256.75
10/31/17,30.43874303,14.66851338,60.6657541,60.97448843,257.15
11/1/17,30.44644643,14.67624734,60.67803949,61.08421904,257.49
11/2/17,30.42595166,14.66019007,60.6691656,61.05514999,257.59
11/3/17,30.40218287,14.67500448,60.65725401,61.00720291,258.45
11/6/17,30.4245139,14.67397744,60.71176953,61.28490338,258.85
11/7/17,30.41949236,14.66190059,60.69076261,61.20911279,258.67
11/8/17,30.42543789,14.66125209,60.67102923,61.03827288,259.11
11/9/17,30.41047896,14.65981699,60.67785576,60.9889171,258.17
11/10/17,30.40875931,14.68789325,60.66841952,61.03172406,258.09
11/13/17,30.40875931,14.68789325,60.66841952,61.03172406,258.33
11/14/17,30.39591157,14.69061367,60.64092232,60.97878327,257.73
11/15/17,30.39043256,14.69237193,60.63502184,60.87018429,256.44
11/16/17,30.44019109,14.70533071,60.66755398,61.23453907,258.62
11/17/17,30.44441813,14.71404114,60.67075748,61.07017917,257.86
11/20/17,30.44215259,14.70745606,60.66707629,60.9198833,258.3
11/21/17,30.47263044,14.72046682,60.67392255,61.16601161,259.99
11/22/17,30.46701647,14.7232865,60.66558339,60.87180163,259.76
11/24/17,30.47203563,14.71630513,60.65078928,60.90292765,260.36
11/27/17,30.45232844,14.70176525,60.6215528,60.47798694,260.23
11/28/17,30.45871179,14.70467648,60.63918747,60.28371658,262.87
11/29/17,30.44464841,14.71542234,60.66266113,59.85156554,262.71
11/30/17,30.44432929,14.72135897,60.62419802,59.75039934,265.01
12/1/17,30.43460237,14.72312914,60.64964955,59.69941955,264.46
12/4/17,30.43742494,14.71493351,60.65098086,59.41989277,264.14
12/5/17,30.44689198,14.72090833,60.63553806,59.43085935,263.19
12/6/17,30.4512524,14.71669333,60.60745265,60.14445948,263.24
12/7/17,30.46848483,14.72679655,60.61646968,60.48937003,264.07
12/8/17,30.47359481,14.7333776,60.61260153,60.60981131,265.51
12/11/17,30.49290957,14.73692949,60.6365467,60.64035034,266.31
12/12/17,30.48261191,14.73945474,60.63826239,60.5019348,266.78
12/13/17,30.49250902,14.74345212,60.63440023,60.58746101,266.75
12/14/17,30.48874559,14.74021474,60.63945149,60.46293116,265.66
12/15/17,30.50813165,14.74698293,60.61996926,60.58594999,266.51
12/18/17,30.52991687,14.75187773,60.6292245,60.5298131,268.2
12/19/17,30.51492742,14.74806544,60.6078031,60.46671899,267.17
12/20/17,30.52325094,14.74539357,60.60523833,60.73329267,267.03
12/21/17,30.5354669,14.74801877,60.65172037,61.13050801,267.58
12/22/17,30.51693689,14.74138691,60.66555781,61.21497562,267.51
12/26/17,30.51191112,14.74573064,60.67266033,61.04157108,267.19
12/27/17,30.51454719,14.74394989,60.65324638,60.93867765,267.32
12/28/17,30.50362491,14.74249116,60.66242625,60.83575704,267.87
12/29/17,30.49312484,14.73578164,60.65380463,60.85102972,266.86
1/2/18,30.53209332,14.75019768,60.69278235,61.67038358,268.77
1/3/18,30.54510297,14.77046143,60.70816989,61.66955941,270.47
1/4/18,30.5619461,14.76970631,60.69522527,61.67520936,271.61
1/5/18,30.5900995,14.76996657,60.70313027,62.14636179,273.42
1/8/18,30.58874291,14.76873027,60.71681899,62.14729507,273.92
1/9/18,30.61306145,14.75785781,60.70662251,62.1061342,274.54
1/10/18,30.58807659,14.75256308,60.69462115,61.7796741,274.12
1/11/18,30.63401171,14.74815598,60.72188677,62.45303388,276.12
1/12/18,30.64090382,14.75011969,60.72199543,62.53050384,277.92
1/16/18,30.64551346,14.74368224,60.70803913,62.1510994,276.97
1/17/18,30.64696599,14.74168919,60.72398887,62.40963875,279.61
1/18/18,30.64415663,14.73665611,60.74549205,62.40826722,279.14
1/19/18,30.65573926,14.72827244,60.75535301,62.54101665,280.41
1/22/18,30.67382299,14.73824058,60.77182136,62.80128826,282.69
1/23/18,30.67009321,14.74889469,60.77056902,62.98964635,283.29
1/24/18,30.69165584,14.74182151,60.78262314,63.07997164,283.18
1/25/18,30.70456207,14.74478163,60.78838579,63.17005585,283.3
1/26/18,30.72346224,14.73731743,60.79331146,63.53139571,286.58
1/29/18,30.69728023,14.73507341,60.78832912,63.4510664,284.68
1/30/18,30.66555198,14.72533311,60.79015476,63.20376619,281.76
1/31/18,30.67723327,14.71682797,60.78867049,63.37491724,281.9
2/1/18,30.65814013,14.71608285,60.77368656,63.01191245,281.58
2/2/18,30.60063868,14.70544986,60.81633895,62.73209076,275.45
2/5/18,30.51999839,14.68948114,60.76368078,62.15738106,263.93
2/6/18,30.55030922,14.70144926,60.7602682,62.47101546,269.13
2/7/18,30.55915437,14.6978247,60.74044027,62.35951147,267.67
2/8/18,30.52000436,14.68401028,60.69523617,61.74930746,257.63
2/9/18,30.52829865,14.68733335,60.70185345,61.60799016,261.5
2/12/18,30.55406039,14.69561104,60.72318549,61.77996705,265.34
2/13/18,30.55406039,14.69561104,60.72318549,61.77996705,266
2/14/18,30.58513288,14.71255976,60.7315402,62.32062892,269.59
2/15/18,30.59509857,14.71649515,60.74330247,62.28900461,273.03
2/16/18,30.59646164,14.71091714,60.74734123,62.30286048,273.11
2/20/18,30.58602239,14.70913357,60.7330562,62.25212729,271.4
2/21/18,30.58705905,14.71190606,60.74331427,62.38499594,270.05
2/22/18,30.58002754,14.70444186,60.72840693,62.32645448,270.4
2/23/18,30.60141793,14.71653154,60.76082322,62.63492684,274.71
2/26/18,30.60946911,14.73166106,60.74937851,62.62726883,277.9
2/27/18,30.59652515,14.72335369,60.72544703,62.29889379,274.43
2/28/18,30.57028444,14.71598427,60.69010288,62.25637896,271.65
3/1/18,30.5616021,14.72637609,60.68782966,62.02501165,267.7
3/2/18,30.56943342,14.7530842,60.67690377,61.95767799,269.08
3/5/18,30.59351367,14.77065613,60.71206407,62.14781836,272.19
3/6/18,30.60055897,14.76788961,60.69495269,62.41783436,272.88
3/7/18,30.60866807,14.76287606,60.69963319,62.65621902,272.78
3/8/18,30.58438973,14.76003152,60.70176519,62.91301931,274.1
3/9/18,30.593539,14.76167028,60.72609989,63.59647308,278.87
3/12/18,30.5936531,14.76009826,60.75263751,63.60442522,278.52
3/13/18,30.57963375,14.75155565,60.72425522,63.44534517,276.72
3/14/18,30.57861537,14.75346848,60.6963504,63.41563316,275.3
3/15/18,30.57006199,14.74082326,60.68649619,63.67853481,275
3/16/18,30.57688907,14.7415062,60.69908415,63.72747498,274.2
3/19/18,30.55489304,14.72637234,60.67168223,63.51792947,270.49
3/20/18,30.53935781,14.70459552,60.65632647,63.45874914,270.95
3/21/18,30.54119116,14.70571825,60.65030703,63.44034307,270.43
3/22/18,30.52053278,14.69263538,60.64117498,62.96581962,263.67
3/23/18,30.49974447,14.67877382,60.60866914,62.876447,258.05
3/26/18,30.52274181,14.69044293,60.61532268,63.34367912,265.11
3/27/18,30.49974096,14.68040837,60.60834487,62.83352145,260.6
3/28/18,30.49112885,14.68394627,60.5889208,62.49621932,259.83
3/29/18,30.50124755,14.6912743,60.60404956,62.79754907,263.15
4/2/18,30.47509149,14.67379958,60.58078072,62.38162974,257.47
4/3/18,30.49122667,14.68083592,60.58899786,62.66997979,260.77
4/4/18,30.51022663,14.67833799,60.60829058,62.66388339,263.56
4/5/18,30.52556677,14.68862194,60.63338506,62.76898573,265.64
4/6/18,30.50131913,14.66803341,60.61423379,62.40530811,259.72
4/9/18,30.50331243,14.66813947,60.62491339,62.29299912,261
4/10/18,30.50849276,14.67943104,60.60189374,62.66699082,265.15
4/11/18,30.504254,14.67813634,60.58809281,62.57930504,263.76
4/12/18,30.50917483,14.67699129,60.60068137,62.68884753,265.93
4/13/18,30.50412928,14.66987623,60.6002983,62.53917333,265.15
4/16/18,30.5192697,14.6596819,60.62906209,62.56489987,267.33
4/17/18,30.53134999,14.67436868,60.61853442,62.99807785,270.19
4/18/18,30.5382812,14.68787131,60.63640863,63.15033836,270.39
4/19/18,30.51925834,14.6801042,60.62598249,63.11172214,268.89
4/20/18,30.50496735,14.67270009,60.60826767,62.96662535,266.61
4/23/18,30.51028107,14.68073714,60.60305314,62.88801315,266.57
4/24/18,30.49832755,14.68060897,60.57271183,62.59808985,262.98
4/25/18,30.4930241,14.6798927,60.57491653,62.30386583,263.63
4/26/18,30.48884841,14.68054869,60.56452852,62.5032656,266.31
4/27/18,30.473842,14.6821693,60.45818299,62.32452978,266.56
4/30/18,30.4667609,14.66929761,60.48511124,62.49285402,264.51
5/1/18,30.46131697,14.69691543,60.51552209,62.52477378,264.98
5/2/18,30.46899345,14.69054002,60.50610892,62.60974905,263.2
5/3/18,30.46040805,14.67549027,60.48775124,62.53897438,262.62
5/4/18,30.47277384,14.69126311,60.50949878,62.82629726,266.02
5/7/18,30.48582306,14.70056999,60.52443548,62.86212952,266.92
5/8/18,30.49083569,14.70656857,60.50192071,62.74382406,266.92
5/9/18,30.49531645,14.68550097,60.50201229,62.62904955,269.5
5/10/18,30.51202459,14.69183801,60.51010811,62.50240787,272.02
5/11/18,30.51949069,14.71002497,60.51191717,62.32087698,272.85
5/14/18,30.51949069,14.71002497,60.51191717,62.32087698,272.98
5/15/18,30.50959187,14.69842248,60.50508862,62.09826939,271.1
5/16/18,30.53065295,14.70934143,60.51618935,62.24963984,272.24
5/17/18,30.52153246,14.70217336,60.5082974,62.1459191,272.01
5/18/18,30.51913166,14.69442937,60.52124505,61.9797563,271.33
5/21/18,30.52129086,14.68856269,60.51756273,62.07967597,273.37
5/22/18,30.51902895,14.69699965,60.51475253,62.02014859,272.61
5/23/18,30.51161694,14.70885219,60.53028608,61.97750578,273.36
5/24/18,30.50391937,14.70935177,60.51529835,61.95982071,272.8
5/25/18,30.50247556,14.72518324,60.52084998,61.98178611,272.15
5/29/18,30.48114478,14.72388666,60.51082566,61.70403872,269.02
5/30/18,30.48968861,14.72256197,60.51005068,61.92568359,272.61
5/31/18,30.47305969,14.71123793,60.48747292,62.22952319,270.94
6/1/18,30.47854053,14.71740331,60.49327864,62.27870304,273.6
6/4/18,30.48810027,14.71872158,60.50888503,62.15597715,274.9
6/5/18,30.49084511,14.72865936,60.50351962,62.18947962,275.1
6/6/18,30.50967671,14.77267929,60.53852822,62.18240271,277.4
6/7/18,30.52063902,14.77974874,60.55428612,62.00471345,277.37
6/8/18,30.52580061,14.80123014,60.54851219,62.13439219,278.19
6/11/18,30.55120045,14.83778186,60.56639533,62.14769594,278.56
6/12/18,30.5632521,14.83852082,60.59009808,62.16318802,278.92
6/13/18,30.54671609,14.85216477,60.57204099,61.91447984,278.03
6/14/18,30.57229113,14.87212108,60.60165344,62.01016317,278.73
6/15/18,30.58796844,14.88736814,60.60612498,61.89252733,277.13
6/18/18,30.5489966,14.89084008,60.59568463,61.79719715,276.56
6/19/18,30.55575559,14.90469427,60.59087846,61.76294703,275.5
6/20/18,30.56117132,14.91594513,60.58130747,61.94697299,275.97
6/21/18,30.54295851,14.90628691,60.5825593,61.69885583,274.24
6/22/18,30.55916966,14.91283556,60.60451424,61.66090353,274.74
6/25/18,30.54122802,14.89376438,60.58714296,61.10432678,271
6/26/18,30.55050465,14.88608395,60.60458995,60.94517562,271.6
6/27/18,30.53115354,14.87126326,60.58900536,60.46871597,269.35
6/28/18,30.54144554,14.89590717,60.59656598,60.61699289,270.89
6/29/18,30.53692812,14.8816794,60.59006352,60.66817827,271.28
7/2/18,30.54025923,14.89300924,60.59159285,60.7734055,271.86
7/3/18,30.54325636,14.89522288,60.60862408,60.63883296,270.9
7/5/18,30.57087459,14.9004389,60.60813332,60.90335813,273.11
7/6/18,30.58893784,14.92412452,60.62931836,61.05301526,275.42
7/9/18,30.60091647,14.93903104,60.63669866,61.14633341,277.9
7/10/18,30.60574591,14.92823969,60.6276743,60.99940926,278.9
7/11/18,30.58890786,14.91650016,60.60961395,60.65979565,276.86
7/12/18,30.60392187,14.92919977,60.6224065,60.62367166,279.37
7/13/18,30.60809063,14.92246591,60.62744437,60.74057421,279.59
7/16/18,30.60008476,14.91559817,60.62023318,60.66431434,279.34
7/17/18,30.59707274,14.91267301,60.61572751,60.66901181,280.47
7/18/18,30.60164605,14.92310391,60.60617501,60.50980219,281.06
7/19/18,30.59083112,14.92720962,60.58135163,60.38626056,280
7/20/18,30.583546,14.92702687,60.57561704,60.36398385,279.68
7/23/18,30.57528498,14.93843655,60.56606932,60.51702449,280.2
7/24/18,30.56836814,14.92557137,60.54917564,60.76417473,281.61
7/25/18,30.578119,14.93951405,60.52876898,60.909131,284.01
7/26/18,30.60203651,14.94696123,60.57060969,60.88829511,283.34
7/27/18,30.59372342,14.93466427,60.56844448,60.87478047,281.42
7/30/18,30.58516669,14.94030293,60.58969884,60.59781914,279.95
7/31/18,30.61770756,14.95299283,60.62425158,60.47345302,281.33
8/1/18,30.60930878,14.95131147,60.61191229,60.2446387,280.86
8/2/18,30.62599836,14.95821477,60.59361063,60.46829722,282.39
8/3/18,30.63841417,14.96234207,60.61879256,60.40363769,283.6
8/6/18,30.63184979,14.96012938,60.60829918,60.60788351,284.64
8/7/18,30.62104585,14.95720776,60.59830333,60.44962031,285.58
8/8/18,30.62043927,15.05590055,60.61482969,60.23811793,285.46
8/9/18,30.633814,15.07170326,60.63200426,59.8058092,285.07
8/10/18,30.62437911,15.06896421,60.6260495,59.3632355,283.16
8/13/18,30.62437911,15.06896421,60.6260495,59.3632355,282.1
8/14/18,30.63841448,15.09601759,60.64438463,59.17924382,283.9
8/15/18,30.60387683,15.06735414,60.62866782,59.11473744,281.78
8/16/18,30.61667419,15.09427929,60.63754975,58.91590987,284.06
8/17/18,30.62112598,15.10619877,60.62788521,58.81731306,285.06
8/20/18,30.63095937,15.14401496,60.61994442,59.0743263,285.67
8/21/18,30.65980908,15.18648502,60.63474266,59.29010832,286.34
8/22/18,30.6705471,15.17600498,60.63175713,59.40188651,286.17
8/23/18,30.66468766,15.1630046,60.62166775,59.2134731,285.79
8/24/18,30.69045874,15.14860352,60.6344273,59.29753116,287.51
8/27/18,30.70324511,15.16338859,60.63573362,59.69826213,289.78
8/28/18,30.7030109,15.16051647,60.63799668,59.56297475,289.92
8/29/18,30.70948146,15.16556915,60.64796863,59.57734262,291.48
8/30/18,30.68981168,15.17168287,60.6489876,59.40402062,290.3
8/31/18,30.69219432,15.17641328,60.648914,59.40917859,290.31
9/4/18,30.67758627,15.16217,60.64719933,59.27067708,289.84
9/5/18,30.6653205,15.1578446,60.63077895,58.9698931,289.03
9/6/18,30.66714494,15.14749818,60.62399471,58.862983,288.16
9/7/18,30.66806388,15.1492511,60.62290948,58.88240695,287.6
9/10/18,30.67591399,15.16028003,60.62506711,58.69053471,288.1
9/11/18,30.67894285,15.16459622,60.62739953,58.66189311,289.05
9/12/18,30.69274072,15.24413338,60.63294645,58.73104539,289.12
9/13/18,30.7238227,15.26677211,60.64518689,58.8901423,290.83
9/14/18,30.72242845,15.26801906,60.64236399,58.99006109,290.88
9/17/18,30.70678497,15.23900529,60.63774145,58.87647482,289.34
9/18/18,30.72581946,15.2293042,60.65303368,59.00234916,290.91
9/19/18,30.71886569,15.23361187,60.6646049,59.25165841,291.22
9/20/18,30.73712702,15.24646346,60.66902214,59.4749494,293.58
9/21/18,30.72529861,15.22935813,60.67123798,59.42401887,291.99
9/24/18,30.71921955,15.24422962,60.66119569,59.35646235,291.02
9/25/18,30.72848979,15.23951219,60.65698036,59.34873223,290.75
9/26/18,30.72799556,15.23308197,60.66384375,59.38122932,289.88
9/27/18,30.73026625,15.2578829,60.66129571,59.37909593,290.69
9/28/18,30.73266498,15.26474381,60.66886851,59.37307176,290.72
10/1/18,30.72527683,15.26147859,60.66130673,59.37465176,291.73
10/2/18,30.71526088,15.27446483,60.66055833,59.23309274,291.56
10/3/18,30.72030846,15.29481823,60.66249095,59.26108692,291.72
10/4/18,30.69443295,15.28795057,60.6504549,58.98064142,289.44
10/5/18,30.67586503,15.28402568,60.63762754,58.78048337,287.82
10/8/18,30.6676807,15.2644844,60.64671162,58.64956767,287.82
10/9/18,30.65719001,15.26954143,60.62950663,58.39084571,287.4
10/10/18,30.59771256,15.2475502,60.60295525,57.75709383,278.3
10/11/18,30.57266716,15.20387971,60.58556479,57.75178828,272.17
10/12/18,30.60272812,15.24264577,60.59107693,58.04196565,275.95
10/15/18,30.60744992,15.26078707,60.60348478,57.96743432,274.4
10/16/18,30.65817998,15.3143833,60.62551197,58.39349265,280.4
10/17/18,30.65442909,15.29509209,60.62426873,58.31167302,280.45
10/18/18,30.62465132,15.30123492,60.61750319,57.8873002,276.4
10/19/18,30.61738412,15.30767139,60.62044654,57.85591906,276.25
10/22/18,30.63248368,15.31986867,60.62299147,58.10174779,275.01
10/23/18,30.62074815,15.28098585,60.6177856,58.11782272,273.61
10/24/18,30.55179654,15.15834017,60.58575042,57.49838729,265.32
10/25/18,30.58679653,15.18018791,60.60359271,57.96874487,270.08
10/26/18,30.55468219,15.16744749,60.5740753,57.76214367,265.33
10/29/18,30.53856114,15.18627857,60.57720505,57.51521216,263.86
10/30/18,30.57819285,15.22755479,60.60415623,57.79955403,267.77
10/31/18,30.61340507,15.25835398,60.6160752,58.09324384,270.63
11/1/18,30.64791293,15.30732786,60.62789324,58.58201478,273.51
11/2/18,30.63948979,15.2869601,60.62008541,58.52136955,271.89
11/5/18,30.63651464,15.30912271,60.62185032,58.39027843,273.39
11/6/18,30.62462825,15.31497385,60.62283822,58.64754807,275.12
11/7/18,30.6776253,15.36047851,60.63736212,59.0077059,281.01
11/8/18,30.66571379,15.32001177,60.63230525,58.73543944,280.5
11/9/18,30.62544346,15.30915511,60.61765757,58.44912282,277.76
11/12/18,30.58379874,15.27637987,60.60980032,58.29783875,272.57
11/13/18,30.58379874,15.27637987,60.60980032,58.29783875,272.06
11/14/18,30.58509999,15.23249344,60.60479643,58.35482517,270.2
11/15/18,30.61139143,15.21962001,60.6046687,58.51718997,273.02
11/16/18,30.60836289,15.21924249,60.60961685,58.32553365,273.73
11/19/18,30.52243568,15.1796378,60.59129362,57.82740494,269.1
11/20/18,30.49532424,15.10646785,60.56790941,57.52443653,264.12
11/21/18,30.53255145,15.15003805,60.58321406,57.78183933,265.02
11/23/18,30.536172,15.16393179,60.58812348,57.74620495,263.25
11/26/18,30.55351859,15.11158039,60.58827509,58.26523057,267.5
11/27/18,30.55418587,15.09215425,60.59506497,58.23784788,268.4
11/28/18,30.60719045,15.15410734,60.61860772,58.6141911,274.58
11/29/18,30.61664295,15.1780342,60.61930339,58.51284434,273.98
11/30/18,30.62731511,15.12763403,60.61718903,58.61570302,275.65
12/3/18,30.65162054,15.05137423,60.62032709,58.97773509,279.3
12/4/18,30.58115435,15.02342063,60.60571427,58.38733213,270.25
12/6/18,30.62071372,15.05031006,60.61863435,58.29905638,269.84
12/7/18,30.57485434,15.02925681,60.5969192,57.85115167,263.57
12/10/18,30.60176075,14.99273104,60.59719001,57.78257683,264.07
12/11/18,30.60030849,14.96792376,60.59092673,57.91643099,264.13
12/12/18,30.61177634,14.99363926,60.59703855,58.01545772,265.46
12/13/18,30.60374677,14.9743679,60.58810783,57.94227101,265.37
12/14/18,30.57614286,14.93256223,60.58005509,57.74188816,260.47
12/17/18,30.52580585,14.8777607,60.56928883,57.33838272,255.36
12/18/18,30.54033013,14.83151282,60.56464284,57.39046785,255.08
12/19/18,30.52612431,14.77276419,60.55824976,57.14351662,251.26
12/20/18,30.494453,14.72019385,60.55070431,56.80483523,247.17
12/21/18,30.41881248,14.62756007,60.53446397,56.23532501,240.7
12/24/18,30.40871794,14.57498813,60.51030103,56.02323549,234.34
12/26/18,30.4954031,14.71456198,60.54804428,56.74733406,246.18
12/27/18,30.50600504,14.64907236,60.54507046,56.81785893,248.07
12/28/18,30.51070414,14.67063747,60.54797898,56.75887321,247.75
12/31/18,30.51693996,14.71748804,60.5558085,56.74694932,249.92
1/2/19,30.53007889,14.78589731,60.56012826,56.75504755,250.18
1/3/19,30.49444642,14.74220143,60.55413832,56.32740911,244.21
1/4/19,30.55987309,14.83637956,60.58035558,57.0820164,252.39
1/7/19,30.59130121,14.92867748,60.57872598,57.24961051,254.38
1/8/19,30.60420625,14.98447579,60.5914776,57.34735404,256.77
1/9/19,30.60637374,14.97897038,60.58794285,57.51750995,257.97
1/10/19,30.59510278,14.94900901,60.58527696,57.64638205,258.88
1/11/19,30.60060428,14.96241835,60.58663826,57.7024241,258.98
1/14/19,30.59004949,14.92374885,60.58164091,57.67937536,257.4
1/15/19,30.62958007,14.95370977,60.58260454,57.84987755,260.35
1/16/19,30.64102502,14.94582955,60.58711714,57.96802815,260.98
1/17/19,30.67478959,14.98685594,60.59531395,58.17491277,262.96
1/18/19,30.69584758,14.98503821,60.59881979,58.3637093,266.46
1/22/19,30.67380052,14.92735291,60.58692169,58.01594664,262.86
1/23/19,30.67008324,14.94222856,60.59047646,58.08371721,263.41
1/24/19,30.69579103,14.97525416,60.60199497,58.39798686,263.55
1/25/19,30.72706486,15.02361647,60.60945865,58.62940157,265.78
1/28/19,30.72283377,15.00450469,60.60902923,58.62173317,263.76
1/29/19,30.70659699,14.97861565,60.60714086,58.53529715,263.41
1/30/19,30.72487924,14.98688381,60.60859919,58.94034604,267.58
1/31/19,30.8022901,15.0913798,60.66139971,59.07762447,269.93
2/1/19,30.83597913,15.13488342,60.67451488,59.13558254,270.06
2/4/19,30.84643832,15.16844884,60.67593303,59.22577931,271.96
2/5/19,30.86228408,15.22024899,60.69101879,59.54502439,273.1
2/6/19,30.85414487,15.21280339,60.69716078,59.5743137,272.74
2/7/19,30.843144,15.17061584,60.69211929,58.8841458,270.14
2/8/19,30.85670215,15.2184734,60.6977299,58.80109511,270.47
2/11/19,30.85677422,15.21838464,60.70016694,58.7645568,270.62
2/12/19,30.85677422,15.21838464,60.70016694,58.7645568,274.1
2/13/19,30.85677422,15.21838464,60.70016694,58.7645568,274.99
2/14/19,30.8606544,15.22901944,60.69724186,58.72034425,274.38
2/15/19,30.88369952,15.26038837,60.70340901,58.79081091,277.37
2/19/19,30.87571181,15.23805652,60.7027901,58.89430395,277.85
2/20/19,30.87560167,15.2048353,60.70603767,58.98146477,278.41
2/21/19,30.86605432,15.18719169,60.70848135,58.83561155,277.42
2/22/19,30.88002467,15.20103707,60.71277421,58.95975806,279.14
2/25/19,30.88836971,15.19032982,60.71017491,59.09930335,279.52
2/26/19,30.87266466,15.15001532,60.69955196,59.09021616,279.32
2/27/19,30.87644649,15.19641622,60.69941159,59.1523172,279.2
2/28/19,30.86366002,15.43871107,60.68685477,58.63273074,278.68
3/1/19,30.89342939,15.43430133,60.69605416,58.71436847,280.42
3/4/19,30.87197446,15.36730021,60.69110291,58.61646544,279.4
3/5/19,30.8761027,15.33873183,60.68634966,58.73745004,279.02
3/6/19,30.8551919,15.26124991,60.68220332,58.88375628,277.33
3/7/19,30.83859215,15.26427572,60.68011766,58.52786697,275.01
3/8/19,30.84153924,15.30839976,60.68424099,58.34711327,274.46
3/11/19,30.87996275,15.29008896,60.68873509,58.47001508,278.44
3/12/19,30.88405664,15.28418831,60.69174925,58.54280494,279.49
3/13/19,30.88479505,15.23356245,60.69372334,58.51995261,281.34
3/14/19,30.91180241,15.25270972,60.69131606,58.44301422,281.16
3/15/19,30.92292125,15.26592869,60.69706236,58.50107245,281.31
3/18/19,30.91283319,15.26448149,60.69820357,58.58520915,282.33
3/19/19,30.92353188,15.28115785,60.69779215,58.83719842,282.4
3/20/19,30.91936783,15.23983326,60.69737817,58.73514739,281.55
3/21/19,30.98659577,15.23951321,60.70103602,58.82606658,284.73
3/22/19,30.92842644,15.18568301,60.68644547,58.35680338,279.25
3/25/19,30.9262898,15.20661599,60.68620122,58.56095703,279.04
3/26/19,30.9373301,15.23148464,60.68738788,58.6101274,281.12
3/27/19,30.91773033,15.21138432,60.6845742,58.61420192,279.65
3/28/19,30.93004936,15.18440393,60.685427,58.48786469,280.71
3/29/19,30.93676225,15.20286149,60.68054099,58.65376725,282.48
4/1/19,30.95878164,15.24595056,60.68146243,58.83686764,285.83
4/2/19,30.95758529,15.23458649,60.67790536,58.92600946,285.97
4/3/19,30.96593852,15.26278365,60.68009913,58.88690751,286.42
4/4/19,30.96384347,15.31448895,60.67772409,58.88179781,287.18
4/5/19,30.97724298,15.35620837,60.69197193,58.95246719,288.57
4/8/19,30.97690213,15.32880733,60.69414044,59.13427103,288.79
4/9/19,30.9726313,15.31741853,60.69148919,59.07026145,287.31
4/10/19,31.01190133,15.40698405,60.69964943,59.16917434,288.29
4/11/19,31.02404318,15.37361564,60.69886691,59.14947402,288.21
4/12/19,31.04094078,15.33233195,60.7068462,59.40241408,290.16
4/15/19,31.04458655,15.33071594,60.70881034,59.3867865,289.97
4/16/19,31.03349195,15.31875696,60.7087447,59.51194621,290.16
4/17/19,31.02205326,15.29685722,60.70965137,59.57188416,289.45
4/18/19,31.02837819,15.29229763,60.71395663,59.5123923,290.02
4/22/19,31.04558662,15.23905637,60.70727179,59.51414787,290.27
4/23/19,31.06113719,15.28757624,60.70866024,59.40317957,292.88
4/24/19,31.06604764,15.32508583,60.7029527,59.23333276,292.23
4/25/19,31.06828215,15.32647919,60.7031948,59.25108058,292.05
4/26/19,31.10329916,15.39044822,60.70991869,59.33967265,293.41
4/29/19,31.10236639,15.4209235,60.70838064,59.3859268,293.87
4/30/19,31.08737381,15.36167901,60.70914609,59.30088007,294.02
5/1/19,31.06389448,15.3700657,60.70348229,59.15967682,291.81
5/2/19,31.0583792,15.30233224,60.70107946,59.08505956,291.18
5/3/19,31.08445138,15.3392507,60.70986445,59.5463302,294.03
5/6/19,31.08378129,15.35254973,60.70811186,59.31220509,292.82
5/7/19,31.03801627,15.30701697,60.697272,58.96557177,287.93
5/8/19,31.0249669,15.3265574,60.69275935,58.84452294,287.53
5/9/19,31.0213531,15.333828,60.69129503,58.62514059,286.66
5/10/19,31.027989,15.32577775,60.69323366,58.81352322,288.1
5/13/19,30.96574051,15.16548248,60.67942235,58.3490605,280.86
5/14/19,30.96574051,15.16548248,60.67942235,58.3490605,283.4
5/15/19,31.03439762,15.13411256,60.72920119,58.50431928,285.06
5/16/19,31.12052741,15.15777831,60.79236797,58.54543657,287.7
5/17/19,31.09695335,15.10385438,60.84132568,58.35782984,285.84
5/20/19,31.04568527,15.03135124,60.73408671,57.63750417,283.95
5/21/19,31.09810031,15.0950358,60.75789503,57.70832966,286.51
5/22/19,31.09380351,15.03252911,60.73941626,57.49412869,285.63
5/23/19,31.05833241,14.96615481,60.69729257,57.25470587,282.14
5/24/19,31.08103074,14.9796223,60.69447173,57.28705248,282.78
5/28/19,31.07904158,14.98366777,60.7204651,57.62195761,280.15
5/29/19,30.98849521,14.93401428,60.6989327,57.42524444,278.27
5/30/19,30.99898681,14.84991339,60.74021958,57.34083234,279.03
5/31/19,30.93749057,14.80683329,60.70579021,56.96751857,275.27
6/3/19,30.88702468,14.83978818,60.72065776,57.00233911,274.57
6/4/19,31.01149767,14.9561922,60.84438489,57.45041896,280.53
6/5/19,31.04379137,14.88221889,60.82223666,57.35697796,282.96
6/6/19,31.08450627,14.89206603,60.84381879,57.39548282,284.8
6/7/19,31.11747723,14.88414824,60.92049282,57.49736792,287.65
6/10/19,31.15344647,14.86406827,60.93349343,57.67951102,288.97
6/11/19,31.10588548,14.86906154,60.89033989,57.78333631,288.9
6/12/19,31.09884467,14.88633855,60.88822772,57.70842319,288.39
6/13/19,31.13424783,14.90872104,60.87898201,57.73814145,289.58
6/14/19,31.11734297,14.79768633,60.90360869,57.60290255,289.26
6/17/19,31.11545223,14.84682674,60.92674873,57.73772494,289.37
6/18/19,31.1428831,14.84263126,60.94043541,57.93669979,292.4
6/19/19,31.17398629,14.91887523,60.99222375,58.04290115,293.06
6/20/19,31.19395489,14.95571467,61.00445482,58.29482817,295.86
6/21/19,31.14217266,14.89912592,60.95906725,58.26993753,294
6/24/19,31.09953923,14.86977212,60.93347655,58.24618099,293.64
6/25/19,31.03361516,14.86321811,60.9227742,58.05059886,290.76
6/26/19,31.019718,14.86338102,60.88627911,58.09667421,290.47
6/27/19,31.04853223,14.91530147,60.93079816,58.24151762,291.5
6/28/19,31.09285418,14.98518989,60.97644358,58.21967191,293
7/1/19,31.14965525,15.07341956,61.01057244,58.40530802,295.66
7/2/19,31.16989386,15.07171352,61.01252079,58.45805021,296.43
7/3/19,31.222443,15.10840064,61.03170588,58.55751025,298.8
7/5/19,31.22845992,15.08830639,61.05382396,58.49769252,298.46
7/8/19,31.21017355,15.0378922,61.02584591,58.30854169,296.82
7/9/19,31.19904854,15.0674375,61.04645816,58.31735946,297.19
7/10/19,31.20810633,15.03511557,61.10915638,58.33795656,298.61
7/11/19,31.2000521,15.00752781,61.13726766,58.30828591,299.31
7/12/19,31.24156322,15.04328448,61.18048377,58.46410542,300.65
7/15/19,31.24143921,15.04129052,61.18825116,58.54788209,300.75
7/16/19,31.23462219,15.06679353,61.19656683,58.34845523,299.71
7/17/19,31.26555454,14.96400128,61.18992209,58.32622816,297.74
7/18/19,31.27748561,14.95598029,61.20248626,58.32297264,298.83
7/19/19,31.23040422,14.93071699,61.1443947,58.19272651,297.17
7/22/19,31.23683326,14.87520873,61.121145,58.20381517,297.9
7/23/19,31.24468248,14.88541492,61.1220908,58.49965651,300.03
7/24/19,31.2846126,14.93713241,61.14659758,58.62855182,301.44
7/25/19,31.26550987,14.8920637,61.10401241,58.48320288,300
7/26/19,31.31681771,14.92368402,61.03586153,58.58810737,302.01
7/29/19,31.27780849,14.89159894,60.9798201,58.46954884,301.46
7/30/19,31.27606032,14.91237311,60.99241305,58.13682054,300.72
7/31/19,31.26444271,14.86025101,60.88554455,58.13721358,297.43
8/1/19,31.26036135,14.76192886,60.86787418,57.92410662,294.84
8/2/19,31.23296698,14.69726776,60.86757368,57.77609545,292.62
8/5/19,31.1219166,14.58907134,60.80466459,57.49667989,283.82
8/6/19,31.09845861,14.53744961,60.83425852,57.72325681,287.8
8/7/19,31.1052414,14.61541339,60.75840096,57.73849201,287.97
8/8/19,31.20050055,14.67714403,60.8209363,58.09521247,293.62
8/9/19,31.20920401,14.61778903,60.81008917,58.00128107,291.62
8/12/19,31.20920401,14.61778903,60.81008917,58.00128107,288.07
8/13/19,31.20920401,14.61778903,60.81008917,58.00128107,292.55
8/14/19,31.14741604,14.4798819,60.74552145,57.61061275,283.9
8/15/19,31.15629353,14.46164469,60.81998243,57.58348418,284.65
8/16/19,31.19128995,14.51133889,60.8721728,57.80489054,288.85
8/19/19,31.23137008,14.55656386,60.92383098,57.90821149,292.33
8/20/19,31.19515457,14.57256873,60.957304,57.84229363,290.09
8/21/19,31.20256153,14.62956957,60.96437845,58.07215996,292.45
8/22/19,31.21682469,14.61437503,60.94897677,57.98312078,292.36
8/23/19,31.16546112,14.54028883,60.86584714,57.65297976,284.85
8/26/19,31.18567864,14.55836657,61.01367377,57.8218413,288
8/27/19,31.1513413,14.4934646,61.02509921,57.84921501,286.87
8/28/19,31.17147557,14.51939936,61.06565133,57.93635577,288.89
8/29/19,31.19728691,14.57128404,61.15320155,58.09758683,292.58
8/30/19,31.19725454,14.56689798,61.17680856,58.15662057,292.45
9/3/19,31.17490231,14.53771445,61.20442447,58.06471389,290.74
9/4/19,31.20955131,14.55278783,61.29939219,58.29072665,294.04
9/5/19,31.2401732,14.60322164,61.33534313,58.53341946,297.82
9/6/19,31.25015619,14.64936466,61.38046786,58.48318872,298.05
9/9/19,31.29112713,14.69852712,61.31461711,58.50378203,298.2
9/10/19,31.31954429,14.79923861,61.332615,58.36294913,298.13
9/11/19,31.34638951,14.79887439,61.38199115,58.412952,300.25
9/12/19,31.35331026,14.79072903,61.39174476,58.55429198,301.29
9/13/19,31.3636098,14.80009156,61.40434662,58.5653084,301.09
9/16/19,31.36087316,14.81840847,61.38128963,58.49694807,300.16
9/17/19,31.33421061,14.78391709,61.41021858,58.52847669,300.92
9/18/19,31.31952847,14.77617422,61.40634372,58.50483644,301.1
9/19/19,31.31864175,14.73486358,61.42162872,58.51012475,301.08
9/20/19,31.3208353,14.69408007,61.33440138,58.48032349,298.28
9/23/19,31.31897365,14.71049096,61.34448016,58.3247888,298.21
9/24/19,31.31108871,14.6896963,61.29301339,57.98886063,295.87
9/25/19,31.33333411,14.68111839,61.28597667,58.09359577,297.62
9/26/19,31.35117219,14.6473425,61.21515379,58.06056625,297
9/27/19,31.32964409,14.67411822,61.15792791,57.77717938,295.4
9/30/19,31.33135602,14.65708765,61.22512781,57.82839574,296.77
10/1/19,31.27518641,14.63446575,61.14649623,57.70603731,293.24
10/2/19,31.22930207,14.60644176,61.20591525,57.55832881,288.06
10/3/19,31.2469741,14.65154811,61.2752336,57.70460231,290.42
10/4/19,31.28272648,14.66606691,61.4038984,57.73838473,294.35
10/7/19,31.27344236,14.67635958,61.42939932,57.68920449,293.08
10/8/19,31.23161177,14.61216883,61.39166899,57.43558881,288.53
10/9/19,31.2407628,14.61497646,61.40806609,57.61002462,291.27
10/10/19,31.26030968,14.64960391,61.38219318,57.77928738,293.24
10/11/19,31.2818266,14.69723922,61.34272488,58.07175378,296.28
10/14/19,31.26228468,14.6651931,61.33767558,58.07956441,295.95
10/15/19,31.27597564,14.69025036,61.45097329,58.23381498,298.88
10/16/19,31.28538797,14.71246533,61.50714746,58.28391601,298.4
10/17/19,31.301246,14.74877398,61.55604127,58.13575776,299.28
10/18/19,31.29411478,14.74566866,61.53432307,57.95007851,297.97
10/21/19,31.31387134,14.75159096,61.51784986,58.11376906,299.99
10/22/19,31.31949365,14.75904626,61.50530836,57.96277661,299.01
10/23/19,31.34931361,14.75613962,61.48424382,57.98037022,299.88
10/24/19,31.34259597,14.7114767,61.48389537,58.13633471,300.37
10/25/19,31.34802453,14.72271241,61.79328883,58.17223391,301.6
10/28/19,31.36412955,14.75482767,61.85610714,58.33002472,303.3
10/29/19,31.35010072,14.75453065,61.82431092,58.69703485,303.21
10/30/19,31.35372313,14.74191857,61.87668079,58.96623359,304.14
10/31/19,31.33052939,14.7289341,61.86643796,59.03477063,303.33
11/1/19,31.35460081,14.77363846,61.9584611,59.19596328,306.14
11/4/19,31.37574372,14.84731092,61.92763314,59.42516576,307.37
11/5/19,31.37835807,14.80092175,61.93005559,59.37353997,307.03
11/6/19,31.38010786,14.78406152,61.88499889,59.37201384,307.1
11/7/19,31.38621747,14.92776681,61.87966011,59.46677201,308.18
11/8/19,31.38581861,14.92350091,61.89329184,59.54365845,308.94
11/11/19,31.37050938,14.90643195,61.92324371,59.47043353,308.35
11/12/19,31.34452613,14.89916381,61.92363881,59.4969885,309
11/13/19,31.34452613,14.89916381,61.92363881,59.4969885,309.1
11/14/19,31.33750639,14.89638004,61.92522964,59.59541241,309.55
11/15/19,31.38845567,14.89994429,61.87097344,59.75917177,311.79
11/18/19,31.37108281,14.93775106,61.85263072,59.70007367,312.02
11/19/19,31.36329539,14.96760257,61.909084,59.76766253,311.93
11/20/19,31.35468534,14.98967325,61.90386417,59.57144649,310.77
11/21/19,31.37132536,14.99093185,61.84271847,59.64112281,310.27
11/22/19,31.39408777,15.01040618,61.76949726,59.7046628,310.96
11/25/19,31.4096325,15.00623898,61.75194034,59.88400418,313.37
11/26/19,31.41608377,15.03635929,61.76623211,60.06897459,314.08
11/27/19,31.40830929,15.03220122,61.8505368,60.26002668,315.48
11/29/19,31.38358455,15.03337942,61.81157039,60.17028563,314.31
12/2/19,31.35377409,15.02653803,61.80232928,59.98914319,311.64
12/3/19,31.346275,15.00299403,61.80119355,59.94885814,309.55
12/4/19,31.37213909,15.01763958,61.71858366,59.8796476,311.46
12/5/19,31.37882046,14.99870556,61.79024809,60.02503856,312.02
12/6/19,31.41519514,14.99776855,61.80838025,60.01985123,314.87
12/9/19,31.40335684,14.99097418,61.81915961,59.96023788,313.88
12/10/19,31.40055121,14.99959425,61.73688562,60.01995479,313.53
12/11/19,31.38919523,14.98841337,61.79067829,60.15566878,314.42
12/12/19,31.42358386,15.00633387,61.83339177,60.28739594,317.13
12/13/19,31.41380138,15.00387259,61.89967182,60.31586746,317.32
12/16/19,31.43061032,15.00626116,61.84959057,60.49703054,319.5
12/17/19,31.42448576,15.0039673,61.86623974,60.59291447,319.57
12/18/19,31.41585484,15.00492847,61.81327857,60.62302321,319.59
12/19/19,31.43261382,15.03017734,61.91732643,60.65100662,320.9
12/20/19,31.42940383,15.0344995,61.9182863,60.65734222,320.73
12/23/19,31.42562519,15.02944291,61.97100464,60.71537143,321.22
12/24/19,31.43248744,15.03470086,61.97159652,60.6810615,321.23
12/26/19,31.45322414,15.03828597,62.02543143,60.77330271,322.94
12/27/19,31.44644016,15.02779997,62.00449715,60.75938998,322.86
12/30/19,31.42236302,15.01156108,61.997625,60.56314087,321.08
12/31/19,31.43273196,15.0209546,62.018858,60.55205261,321.86
1/2/20,31.44824966,14.99799297,62.07847641,60.96666881,324.87
1/3/20,31.42988384,14.99609133,62.12244679,60.70173336,322.41
1/6/20,31.44258385,14.99170884,62.15195953,60.69292638,323.64
1/7/20,31.43773673,14.99538663,62.17311844,60.61746484,322.73
1/8/20,31.4466567,14.99067115,62.18602494,60.62693659,324.45
1/9/20,31.45324479,14.99700253,62.25128181,60.68669895,326.65
1/10/20,31.44536455,14.98656119,62.22619352,60.69747238,325.71
1/13/20,31.44090461,14.98932147,62.29789772,60.97340158,327.95
1/14/20,31.45372338,15.01139515,62.28564648,60.72629303,327.45
1/15/20,31.47913492,15.03220721,62.34272315,60.66137066,328.19
1/16/20,31.51744703,15.05727492,62.27545883,60.71052718,330.92
1/17/20,31.52482362,15.04268938,62.20887591,60.70581333,331.95
1/21/20,31.51034302,15.03307199,62.21343094,60.53028131,331.3
1/22/20,31.50245697,15.03411281,62.28044728,60.48876182,331.34
1/23/20,31.51345548,14.98271876,62.31167168,60.37744522,331.72
1/24/20,31.48271185,14.96580608,62.21508497,60.19207584,328.77
1/27/20,31.42904121,14.95930688,62.20965665,59.90122429,323.5
1/28/20,31.45455319,14.96777048,62.15807226,60.19366081,326.89
1/29/20,31.45180319,14.94249755,62.06518827,60.1830348,326.62
1/30/20,31.47433659,14.94576574,62.0948201,60.10182849,327.68
1/31/20,31.43026253,14.92125971,62.35694822,59.93463311,321.73
2/3/20,31.51921712,14.92008241,62.51512582,60.20983159,324.12
2/4/20,31.53381634,14.94531442,62.51434869,60.66208,329.06
2/5/20,31.57965879,14.98356037,62.42535433,60.67755195,332.86
2/6/20,31.59411461,14.96327459,62.46477413,60.77320901,333.98
2/7/20,31.57355108,14.95662145,62.44315211,60.51820013,332.2
2/10/20,31.68403501,14.95815224,62.49200586,60.54195733,334.68
2/11/20,31.67061063,14.97064531,62.49847925,60.59608233,335.26
2/12/20,31.67061063,14.97064531,62.49847925,60.59608233,337.42
2/13/20,31.67061063,14.97064531,62.49847925,60.59608233,337.06
2/14/20,31.6667458,14.96152818,62.50664853,60.65441602,337.6
2/18/20,31.64816663,14.95973438,62.53420078,60.81073251,336.73
2/19/20,31.6409824,14.982381,62.58478408,61.1112892,338.34
2/20/20,31.66338305,14.94667809,62.5469073,61.07033053,336.95
2/21/20,31.61410644,14.89754252,62.49603522,60.96526124,333.48
2/24/20,31.5164863,14.83864248,62.407856,60.7084668,322.42
2/25/20,31.40900451,14.80073643,62.27772542,60.51773957,312.65
2/26/20,31.3577531,14.73135678,62.27053457,60.44746627,311.5
2/27/20,31.22625686,14.58273104,62.14906391,60.20503672,297.51
2/28/20,31.21339081,14.65357555,61.96105442,60.14941791,296.26
3/2/20,31.35589666,14.71037684,62.01478528,60.22892209,309.09
3/3/20,31.28179016,14.68740705,61.98409421,60.01832911,300.24
3/4/20,31.36415913,14.70360611,62.30979817,60.29034546,312.86
3/5/20,31.24481666,14.60157313,62.07812819,60.01758529,302.46
3/6/20,31.18239078,14.59946199,61.9749068,59.49833228,297.46
3/9/20,30.90330374,14.42753516,61.53372036,58.81114096,274.23
3/10/20,30.98653971,14.53990098,61.71299905,59.2472336,288.42
3/11/20,30.79564501,14.47746307,61.33542658,58.71036394,274.36
3/12/20,30.43255577,14.32423268,60.95926188,57.7740511,248.11
3/13/20,30.67150773,14.39694616,61.36450039,58.36445456,269.32
3/16/20,30.27554502,14.15623503,60.47085162,57.25111311,239.85
3/17/20,30.40970802,14.22686225,60.5112252,57.58191942,252.8
3/18/20,30.10342365,14.06135275,60.25587057,56.83420284,240
3/19/20,30.27550971,14.24484211,60.53369965,56.99356185,240.51
3/20/20,30.1248102,14.04181782,60.21449958,57.03241639,228.8
3/23/20,29.98249691,14.03296724,60.33319732,57.16010693,222.95
3/24/20,30.32745918,14.20572774,60.94425682,58.40395064,243.15
3/25/20,30.41436627,14.29295865,61.0380486,59.04761855,246.79
3/26/20,30.59988775,14.29033615,61.49657249,59.07720645,261.2
3/27/20,30.4224651,14.11324458,61.29642271,58.52877005,253.42
3/30/20,30.40612108,14.21449489,61.44627428,58.81074192,261.65
3/31/20,30.37433868,14.16686832,61.27763804,58.96459737,257.75
4/1/20,30.17606183,14.13206101,61.0806078,58.56095497,246.15
4/2/20,30.26926914,14.0639871,61.24137061,58.38755934,251.83
4/3/20,30.19462316,14.04040333,61.16479703,58.15781155,248.19
4/6/20,30.48242989,14.16409611,61.53649975,58.91907601,264.86
4/7/20,30.50363433,14.25546576,61.40923865,58.98968196,265.13
4/8/20,30.62814323,14.34882048,61.60848757,59.1911246,274.03
4/9/20,30.73569427,14.42692906,61.67068992,59.29065302,278.2
4/13/20,30.69164032,14.40350436,61.69788474,59.73222474,275.66
4/14/20,30.75474764,14.44336584,61.95122068,60.24503747,283.79
4/15/20,30.66508416,14.356229,61.99724792,59.93672523,277.76
4/16/20,30.65699618,14.36618406,61.99939595,60.09384618,279.1
4/17/20,30.75805584,14.42766254,62.06533174,60.39383521,286.64
4/20/20,30.73010627,14.37805355,62.03632676,60.47831119,281.59
4/21/20,30.68754679,14.29408767,61.94314105,60.36956513,273.04
4/22/20,30.72591473,14.25021436,62.01356356,60.4623163,279.1
4/23/20,30.77377845,14.2761982,62.05597532,60.49120134,279.08
4/24/20,30.78395455,14.35017399,62.19589798,60.59944159,282.97
4/27/20,30.8583136,14.51582404,62.21036493,60.58920206,287.05
4/28/20,30.88999098,14.56462934,62.09532137,60.2831618,285.73
4/29/20,31.08811651,14.67797972,62.12120736,60.64881597,293.21
4/30/20,31.01458851,14.50506795,62.09047446,60.44203642,290.48
5/1/20,30.91883398,14.43716909,62.23053149,60.0746161,282.79
5/4/20,30.92821854,14.44782379,62.30700951,60.10012037,283.57
5/5/20,30.97879156,14.38951038,62.27752278,60.37302419,286.19
5/6/20,30.90472942,14.35779794,62.16301121,60.61344149,284.25
5/7/20,31.0109244,14.32907065,62.28868219,60.88244713,287.68
5/8/20,31.12182563,14.37298909,62.34171441,61.08050811,292.44
5/11/20,31.09086237,14.31091923,62.27436799,61.1312983,292.5
5/12/20,31.02703996,14.27190666,62.15456344,60.8973275,286.67
5/13/20,30.937986,14.19755146,62.07478133,60.72707713,281.6
5/14/20,30.937986,14.19755146,62.07478133,60.72707713,284.97
5/15/20,30.98682407,14.18908031,62.16440205,60.90905688,286.28
5/18/20,31.10603928,14.27779719,62.42449537,61.33929627,295
5/19/20,31.07450153,14.25262295,62.43486937,61.28567738,291.97
5/20/20,31.16407047,14.24695303,62.34383207,61.36549211,296.93
5/21/20,31.18118971,14.21733365,62.39854569,61.2789711,294.88
5/22/20,31.16949387,14.18264805,62.34772515,61.03395999,295.44
5/26/20,31.25800356,14.31206501,62.33875326,61.28254812,299.08
5/27/20,31.29740486,14.374844,62.55925405,61.20474254,303.53
5/28/20,31.24741575,14.32450217,62.66733451,61.07775337,302.97
5/29/20,31.22187703,14.30348988,62.79402272,61.34865814,304.32
6/1/20,31.17630116,14.31463189,62.75391267,61.47750738,305.55
6/2/20,31.14613348,14.28577018,62.79709186,61.89947426,308.08
6/3/20,31.19043464,14.35877246,62.83802706,62.0777636,312.18
6/4/20,31.19294677,14.41850206,62.74226483,61.99669092,311.36
6/5/20,31.20996253,14.56455445,62.63344487,62.31924243,319.34
6/8/20,31.27793981,14.67417159,62.77013398,62.27670827,323.2
6/9/20,31.26347646,14.53434945,62.63509044,62.29119739,320.79
6/10/20,31.19758349,14.42921679,62.64696464,62.4260278,319
6/11/20,31.03715206,14.34359229,62.38408912,61.93627886,300.61
6/12/20,31.08362388,14.30803461,62.4764635,62.2340177,304.21
6/15/20,31.12691557,14.37217245,62.52063614,62.38073001,307.05
6/16/20,31.16344488,14.35269287,62.60858776,62.55600428,312.96
6/17/20,31.14151346,14.32972891,62.6254918,62.66287504,311.66
6/18/20,31.14901114,14.35955165,62.58945244,62.83281862,311.78
6/19/20,31.13144563,14.32489779,62.62104017,62.8457045,308.64
6/22/20,31.15356882,14.30363963,62.47904842,62.9740488,310.62
6/23/20,31.1831364,14.3275261,62.39543829,63.14913037,312.05
6/24/20,31.10872181,14.27894914,62.19091594,62.81512439,304.09
6/25/20,31.13653739,14.25707492,62.22242188,62.89613696,307.35
6/26/20,31.03347539,14.17377573,62.09482888,62.71103266,300.05
6/29/20,31.10121075,14.25437357,62.21013526,62.7196727,304.46
6/30/20,31.14099481,14.24052691,62.25465621,62.7461893,308.36
7/1/20,31.16876233,14.24627107,62.3807045,62.85061918,310.52
7/2/20,31.17829604,14.22253779,62.33170628,63.11041022,312.23
7/6/20,31.20239748,14.2714142,62.45354771,63.4936475,317.05
7/7/20,31.17188528,14.2026747,62.45261744,63.39602012,313.78
7/8/20,31.21812287,14.17022719,62.47776258,64.03823568,316.18
7/9/20,31.19629038,14.08614348,62.49346123,64.07255369,314.38
7/10/20,31.22534561,14.17822696,62.61177458,64.0054782,317.59
7/13/20,31.20230392,14.19767793,62.54653901,63.50504655,314.84
7/14/20,31.24199149,14.20494791,62.68811416,63.63487053,318.92
7/15/20,31.31035407,14.31810344,62.83179791,63.73198646,321.85
7/16/20,31.28783338,14.33801026,62.90008608,63.58373997,320.79
7/17/20,31.34876987,14.29404663,62.99274552,63.74294836,321.72
7/20/20,31.35924412,14.21518097,62.997244,63.95140053,324.32
7/21/20,31.37826443,14.23519282,62.97475769,64.06402678,325.01
7/22/20,31.40187492,14.24004637,62.9871602,63.95586496,326.86
7/23/20,31.35482158,14.26109924,62.92443926,63.91566845,322.96
7/24/20,31.3493098,14.24225671,62.92497134,63.78297884,320.88
7/27/20,31.37512998,14.20634303,62.91146265,63.89861039,323.22
7/28/20,31.34802836,14.20225311,62.91595917,63.81354044,321.17
7/29/20,31.38738967,14.24586986,62.99266623,64.02605941,325.12
7/30/20,31.38826415,14.25665682,62.95229211,64.02343998,323.96
7/31/20,31.3473393,14.25912912,63.15021875,64.00394989,326.52
8/3/20,31.36472476,14.29268708,63.28067169,64.23205276,328.79
8/4/20,31.37424458,14.33282379,63.40467739,64.35884402,330.06
8/5/20,31.39608018,14.2768562,63.38282587,64.60245258,332.11
8/6/20,31.42969941,14.30992137,63.43679037,65.00927811,334.33
8/7/20,31.46407279,14.24433808,63.48367816,64.42577948,334.57
8/10/20,31.49647902,14.30113929,63.49541318,64.30587121,335.57
8/11/20,31.50930222,14.33708779,63.35993183,64.2753269,332.8
8/12/20,31.50930222,14.33708779,63.35993183,64.2753269,337.44
8/13/20,31.50930222,14.33708779,63.35993183,64.2753269,336.83
8/14/20,31.49766469,14.38027273,63.36672241,64.29238321,336.84
8/17/20,31.4954737,14.35345801,63.3549497,64.39486421,337.91
8/18/20,31.49694828,14.34347432,63.39812815,64.49693461,338.64
8/19/20,31.50043622,14.34958927,63.3979599,64.48562684,337.23
8/20/20,31.50129609,14.33500115,63.40197719,64.62173931,338.28
8/21/20,31.49895178,14.31575696,63.42351659,64.70581946,339.48
8/24/20,31.52934664,14.36031708,63.41884369,64.79187242,342.92
8/25/20,31.52206212,14.3609179,63.40320156,64.96764062,344.12
8/26/20,31.51621977,14.35687541,63.43570049,65.29158345,347.57
8/27/20,31.53403878,14.35519125,63.43570161,65.12014921,348.33
8/28/20,31.58955878,14.38424778,63.45486749,65.31164914,350.58
8/31/20,31.5741908,14.33526299,63.45123844,65.22489079,349.31
9/1/20,31.59150183,14.2847859,63.45524419,65.57849231,352.6
9/2/20,31.64447701,14.30531872,63.51117526,65.47197927,357.7
9/3/20,31.58029141,14.29279382,63.36076306,64.92735627,345.39
9/4/20,31.54622051,14.36496851,63.31941911,64.66864839,342.57
9/8/20,31.49142492,14.33785066,63.23898803,64.34408348,333.21
9/9/20,31.52654133,14.36829664,63.40979227,64.46099158,339.79
9/10/20,31.48689615,14.38825571,63.30892041,64.30641198,333.89
9/11/20,31.47374693,14.36048205,63.2814423,64.24108806,334.06